-- --------------------------------------------------------
-- 호스트:                          127.0.0.1
-- 서버 버전:                        5.5.32 - MySQL Community Server (GPL)
-- 서버 OS:                        Win32
-- HeidiSQL 버전:                  8.0.0.4396
-- --------------------------------------------------------

/*!40101 SET @OLD_CHARACTER_SET_CLIENT=@@CHARACTER_SET_CLIENT */;
/*!40101 SET NAMES utf8 */;
/*!40014 SET @OLD_FOREIGN_KEY_CHECKS=@@FOREIGN_KEY_CHECKS, FOREIGN_KEY_CHECKS=0 */;
/*!40101 SET @OLD_SQL_MODE=@@SQL_MODE, SQL_MODE='NO_AUTO_VALUE_ON_ZERO' */;

-- m2mall 의 데이터베이스 구조 덤핑
CREATE DATABASE IF NOT EXISTS `m2mall` /*!40100 DEFAULT CHARACTER SET utf8 */;
USE `m2mall`;


-- 테이블 m2mall의 구조를 덤프합니다. board
CREATE TABLE IF NOT EXISTS `board` (
  `board_no` int(10) NOT NULL AUTO_INCREMENT,
  `board_pw` varchar(50) NOT NULL,
  `board_title` varchar(200) NOT NULL,
  `board_content` text NOT NULL,
  `board_user` varchar(50) NOT NULL,
  `board_date` date NOT NULL,
  PRIMARY KEY (`board_no`)
) ENGINE=InnoDB AUTO_INCREMENT=518 DEFAULT CHARSET=utf8;

-- Dumping data for table m2mall.board: ~378 rows (대략적)
/*!40000 ALTER TABLE `board` DISABLE KEYS */;
INSERT INTO `board` (`board_no`, `board_pw`, `board_title`, `board_content`, `board_user`, `board_date`) VALUES
	(1, '1234', 'Crossroads', 'Jeens', 'Chenery', '2018-06-27'),
	(2, '1234', 'Big Man Japan (Dai-Nihonjin)', 'Fedoronko', 'Labin', '2018-07-06'),
	(3, '1234', 'Crash Dive', 'Reynoldson', 'Coon', '2019-03-19'),
	(4, '1234', 'Horror Planet (a.k.a. Inseminoid)', 'De Meis', 'Briars', '2019-03-21'),
	(5, '1234', 'Slingshot Hip Hop', 'Brandts', 'Leeke', '2018-12-23'),
	(6, '1234', 'Catch-22', 'Reveland', 'Storah', '2018-12-19'),
	(7, '1234', '10 000 timmar', 'Waddams', 'Westrope', '2018-06-04'),
	(8, '1234', 'Legend of Bagger Vance, The', 'Newton', 'Abbati', '2018-12-16'),
	(9, '1234', 'Flight of the Living Dead', 'Rulton', 'Mustchin', '2018-11-09'),
	(10, '1234', 'If I Were You', 'Jaukovic', 'Cubuzzi', '2018-09-27'),
	(11, '1234', 'Simon Killer ', 'Lalley', 'Blampey', '2018-09-05'),
	(12, '1234', 'Miracle Woman, The', 'Duran', 'Angrick', '2019-02-06'),
	(13, '1234', 'Strangers, The', 'Marten', 'Allender', '2018-05-22'),
	(14, '1234', 'Miracle on 34th Street', 'Roggieri', 'Vittet', '2019-01-13'),
	(15, '1234', 'Town Without Pity', 'Racher', 'Castree', '2018-11-09'),
	(16, '1234', 'Reel Injun', 'Sherborne', 'Gecks', '2018-09-22'),
	(17, '1234', 'Cradle Will Rock', 'Trewhitt', 'Pevsner', '2019-04-14'),
	(18, '1234', 'Palmetto', 'Helstrip', 'Godsafe', '2018-06-20'),
	(19, '1234', 'Mitchell', 'Rignold', 'Proske', '2019-03-26'),
	(20, '1234', 'Voyager (Homo Faber)', 'Gowen', 'Housecroft', '2018-12-24'),
	(21, '1234', 'Trilogy of Terror', 'Almeida', 'Jobe', '2018-12-12'),
	(22, '1234', 'Steppenwolf', 'Asple', 'Cattermole', '2019-01-11'),
	(23, '1234', 'Johnny Mad Dog', 'Dan', 'Musselwhite', '2018-06-20'),
	(24, '1234', 'Hearty Paws', 'Hubble', 'Houseley', '2018-12-22'),
	(25, '1234', 'Anonymous', 'Blague', 'Puddifer', '2018-05-14'),
	(26, '1234', 'Amazing Adventure, The (a.k.a. The Amazing Quest of Ernest Bliss)', 'Reubens', 'Platts', '2018-09-17'),
	(27, '1234', 'Raisin in the Sun, A', 'Satchel', 'Robberts', '2018-10-31'),
	(28, '1234', 'Don McKay', 'Ausiello', 'Redmell', '2018-10-16'),
	(29, '1234', 'Zombies of the Stratosphere', 'Di Meo', 'Alcott', '2018-10-30'),
	(30, '1234', 'Thirty-Five Something (Tout pour plaire)', 'McGiffin', 'Ivankov', '2018-10-19'),
	(31, '1234', 'Coyote Ugly', 'Sabben', 'Ridgedell', '2018-05-17'),
	(32, '1234', 'Healing', 'Palay', 'Bumpas', '2018-08-24'),
	(33, '1234', 'Trouble with the Truth, The', 'Yakubov', 'Lasselle', '2019-02-12'),
	(34, '1234', 'Bill Bailey: Qualmpeddler', 'Fritzer', 'Di Gregorio', '2018-10-04'),
	(35, '1234', 'Crime and Punishment', 'Keysall', 'Creus', '2019-03-10'),
	(36, '1234', 'Thieves by Law (Ganavim Ba Hok)', 'Olenchenko', 'Pigott', '2018-12-08'),
	(37, '1234', 'White Noise 2: The Light', 'Lugg', 'Gervaise', '2018-05-14'),
	(38, '1234', 'Turtle Diary', 'Slides', 'Matlock', '2019-01-10'),
	(39, '1234', 'I Am Sam', 'Madill', 'Cornfoot', '2019-01-25'),
	(40, '1234', 'Young Bess', 'Moules', 'Cossey', '2018-06-23'),
	(41, '1234', 'Miss Potter', 'Van Arsdall', 'Sigg', '2019-03-01'),
	(42, '1234', 'Judgment at Nuremberg', 'Tansill', 'Plume', '2018-04-28'),
	(43, '1234', 'Soldier\'s Girl', 'Gainsborough', 'MacPaike', '2018-05-11'),
	(44, '1234', 'Bonnie and Clyde', 'Epinoy', 'Simkin', '2019-02-14'),
	(45, '1234', 'Ride Beyond Vengeance', 'Cleyne', 'Plume', '2018-11-20'),
	(46, '1234', 'Dorm Daze (National Lampoon Presents Dorm Daze)', 'Glassborow', 'Harrington', '2018-11-14'),
	(47, '1234', 'That Thing You Do!', 'Hands', 'Trudgeon', '2018-10-01'),
	(48, '1234', 'Sarah Silverman:  We Are Miracles', 'Merry', 'Mara', '2018-05-08'),
	(49, '1234', 'Henry\'s Crime', 'Curtis', 'Abrahmer', '2018-05-16'),
	(50, '1234', 'Password: Uccidete agente Gordon', 'Gow', 'McGuggy', '2019-04-05'),
	(51, '1234', 'Night Ambush (Ill Met by Moonlight)', 'Oury', 'Ashpole', '2018-09-23'),
	(52, '1234', 'American Graffiti', 'Tomaszczyk', 'Caston', '2019-04-19'),
	(53, '1234', 'Sunday', 'Tootin', 'Kearton', '2018-05-18'),
	(54, '1234', 'Home of the Brave', 'Mitchard', 'Dilley', '2018-05-27'),
	(55, '1234', 'Fifty Shades of Grey', 'Harmeston', 'Lancastle', '2018-08-12'),
	(56, '1234', 'And Now... Ladies and Gentlemen...', 'Lints', 'Cleave', '2018-07-17'),
	(57, '1234', 'Report on the Party and the Guests, A (O slavnosti a hostech)', 'Osgorby', 'Tettley', '2018-11-06'),
	(59, '1234', 'Gospel, The', 'Huckster', 'Everitt', '2019-03-09'),
	(60, '1234', 'Earth (Zemlya)', 'Phelips', 'Timcke', '2019-02-10'),
	(61, '1234', 'Call, The', 'Northen', 'Turbayne', '2018-06-08'),
	(62, '1234', 'Redemption: For Robbing the Dead', 'Dimitrov', 'MacCome', '2019-03-20'),
	(63, '1234', 'Pink Panther, The', 'Southan', 'Mc Cahey', '2018-08-31'),
	(64, '1234', 'Revenge of the Nerds IV: Nerds in Love', 'Simic', 'Hubbis', '2019-02-15'),
	(65, '1234', 'Right America: Feeling Wronged - Some Voices from the Campaign Trail ', 'Pickerill', 'Nathon', '2018-06-10'),
	(66, '1234', 'Justice League: Crisis on Two Earths', 'Castaneda', 'McCluney', '2018-10-08'),
	(67, '1234', 'Demon Wind', 'Collings', 'Asbrey', '2019-04-16'),
	(68, '1234', 'Zatoichi\'s Flashing Sword (Zatôichi abare tako) (Zatôichi 7)', 'Luckings', 'Claxson', '2018-08-22'),
	(69, '1234', 'Corridor, The', 'Kerswell', 'Beams', '2019-04-04'),
	(70, '1234', 'Finding Vivian Maier', 'Hartwright', 'Anning', '2019-03-20'),
	(71, '1234', 'Experience, The (Tadjrebeh)', 'Riseborough', 'Iffland', '2019-02-06'),
	(72, '1234', 'Gertrud', 'Iohananof', 'Colclough', '2018-08-18'),
	(73, '1234', 'Shanks', 'Baddow', 'Sancias', '2018-07-08'),
	(74, '1234', 'Trick', 'Gammade', 'Stivers', '2018-12-13'),
	(75, '1234', 'Mulholland Falls', 'Adamo', 'Vertigan', '2018-07-17'),
	(76, '1234', 'With a Song in My Heart', 'Tessyman', 'Ruffler', '2018-07-14'),
	(77, '1234', 'Lan Yu', 'Rossant', 'Luckcuck', '2018-06-13'),
	(78, '1234', 'Call, The', 'Ubank', 'Hanington', '2019-04-19'),
	(79, '1234', 'Joan Rivers: A Piece of Work', 'Coddington', 'Gawthrope', '2018-07-01'),
	(80, '1234', 'Blackboards (Takhté Siah)', 'Rands', 'Kerfod', '2018-06-03'),
	(81, '1234', 'Santitos', 'Manilove', 'Massingham', '2018-10-31'),
	(82, '1234', 'Dark Lurking, The', 'Brundale', 'Alliot', '2018-09-30'),
	(83, '1234', 'Lonely Street', 'Mundy', 'Dighton', '2018-08-22'),
	(84, '1234', '2001 Maniacs', 'Elton', 'Jacson', '2019-03-18'),
	(85, '1234', 'Grand Dukes, The (Les grands ducs)', 'Van Arsdalen', 'Lince', '2019-02-27'),
	(86, '1234', 'The Great Gatsby', 'Lauritzen', 'Stammirs', '2018-12-17'),
	(87, '1234', 'Devils, The', 'Sidaway', 'O\'Glassane', '2018-08-15'),
	(88, '1234', 'Adelheid', 'Strettle', 'Newgrosh', '2018-08-13'),
	(89, '1234', 'Nanking', 'Eagland', 'Vedyashkin', '2018-12-14'),
	(90, '1234', 'Plan 9 from Outer Space', 'Glass', 'Phelipeaux', '2019-04-14'),
	(91, '1234', '2 Days in the Valley', 'Lymer', 'Puttrell', '2019-01-05'),
	(92, '1234', 'Pennies from Heaven', 'Orsi', 'MacCleod', '2019-03-07'),
	(93, '1234', 'Marseillaise, La', 'Wilmut', 'Bostick', '2018-05-13'),
	(94, '1234', 'Somebody is Waiting', 'Hannon', 'Bampforth', '2018-06-05'),
	(95, '1234', 'The Man Who Could Cheat Death', 'Matuschek', 'Romayne', '2018-06-24'),
	(96, '1234', 'Déjà Vu (Deja Vu)', 'Bengtson', 'Mawditt', '2018-11-21'),
	(97, '1234', 'Architecture of Doom, The (Undergångens arkitektur)', 'Bavister', 'Harmeston', '2019-01-26'),
	(98, '1234', 'Night Shift', 'Fyndon', 'Goose', '2018-06-10'),
	(99, '1234', 'My Darling Clementine', 'Ollie', 'Babington', '2018-06-20'),
	(100, '1234', 'Narcissus', 'Bowlesworth', 'Marchand', '2018-08-18'),
	(101, '1234', 'Brave, The', 'Bennett', 'Rouse', '2019-01-11'),
	(102, '1234', 'Pollyanna', 'Petrosian', 'Lomasney', '2019-01-31'),
	(103, '1234', 'Thampu', 'Durno', 'Goldsworthy', '2018-12-15'),
	(104, '1234', 'Escobar: Paradise Lost', 'Malitrott', 'Blanc', '2018-10-16'),
	(105, '1234', 'Divorce - Italian Style (Divorzio all\'italiana)', 'Naptin', 'Wardall', '2019-03-23'),
	(106, '1234', 'Mimic: Sentinel', 'Buyers', 'Prodrick', '2019-04-15'),
	(107, '1234', 'Black Pond', 'Crossan', 'Sweedy', '2018-07-07'),
	(108, '1234', 'Win/win', 'Denver', 'Earpe', '2019-03-04'),
	(109, '1234', 'There\'s No Business Like Show Business', 'Birdfield', 'Minister', '2018-05-03'),
	(110, '1234', 'Dead Bang', 'Rubenfeld', 'McDuff', '2019-02-19'),
	(111, '1234', 'Brood, The', 'Child', 'Emmer', '2018-07-29'),
	(112, '1234', 'Santa Who?', 'Realph', 'Seelbach', '2018-08-10'),
	(113, '1234', 'Blue City', 'Voelker', 'Harlowe', '2018-12-03'),
	(114, '1234', 'Why Are the Bells Ringing, Mitica? (a.k.a. Carnival Scenes) (De ce trag clopotele, Mitica?)', 'Hourigan', 'Openshaw', '2018-09-11'),
	(115, '1234', 'The Forbidden Room', 'Seaking', 'Dennison', '2019-02-14'),
	(116, '1234', 'In-Laws, The', 'Kirsop', 'Bickersteth', '2018-08-13'),
	(117, '1234', 'Lady Takes a Chance, A', 'Waterhouse', 'Sidary', '2019-04-13'),
	(118, '1234', 'Blackadder\'s Christmas Carol', 'Ensten', 'Bonehill', '2019-01-19'),
	(119, '1234', 'Rango', 'Macartney', 'Shillam', '2018-10-07'),
	(120, '1234', 'Don\'t Drink the Water', 'Allston', 'Findlater', '2018-05-11'),
	(121, '1234', 'Sarafina!', 'Correa', 'Dewar', '2018-05-27'),
	(122, '1234', 'Mary Poppins', 'Attock', 'Domotor', '2018-08-30'),
	(123, '1234', 'Kiss Me Again', 'Pummell', 'Engall', '2019-01-16'),
	(124, '1234', 'Satan Bug, The', 'Skippon', 'Growcock', '2018-05-17'),
	(125, '1234', 'Godzilla', 'Berrill', 'Greaves', '2018-06-10'),
	(126, '1234', 'Chain Letter', 'Georgiev', 'Got', '2019-03-09'),
	(127, '1234', 'Force of Execution', 'Emmert', 'Gwatkins', '2018-10-09'),
	(128, '1234', 'Millions', 'Vallentin', 'Cuer', '2018-06-27'),
	(129, '1234', 'Uninvited, The', 'Pallasch', 'Merricks', '2018-06-18'),
	(130, '1234', 'Milk Money', 'Orriss', 'Rizzo', '2018-10-03'),
	(131, '1234', 'Palestine Is Still the Issue', 'Smillie', 'Tanfield', '2019-03-12'),
	(132, '1234', 'The Feminine Touch', 'Das', 'Botterill', '2018-10-25'),
	(133, '1234', 'Brooklyn Dodgers: The Ghosts of Flatbush', 'Rubertis', 'Bernardino', '2018-07-30'),
	(134, '1234', 'Liquidator, The', 'Wilse', 'Orris', '2018-04-27'),
	(135, '1234', 'It Conquered the World', 'Fransemai', 'Tommasi', '2019-01-27'),
	(136, '1234', 'Moebius Redux: A Life in Pictures', 'Hesey', 'Antosch', '2018-09-23'),
	(137, '1234', 'Direct Action', 'Blethyn', 'Curado', '2018-10-31'),
	(138, '1234', 'Always', 'Dyte', 'Duckers', '2019-04-07'),
	(139, '1234', 'Beast from Haunted Cave', 'Tebbit', 'Issac', '2018-12-09'),
	(140, '1234', 'True Heart Susie', 'Collabine', 'Berceros', '2018-08-18'),
	(141, '1234', 'Swept from the Sea', 'Prevett', 'Booth-Jarvis', '2018-09-19'),
	(142, '1234', 'Sun on the Horizon', 'McParland', 'Eliot', '2018-12-21'),
	(143, '1234', 'Ten', 'Sneddon', 'Kilgrew', '2019-01-28'),
	(144, '1234', 'Black Mask (Hak hap)', 'O\'Curran', 'Chastaing', '2018-05-06'),
	(145, '1234', 'Pahat pojat', 'Stoke', 'Renachowski', '2018-06-06'),
	(146, '1234', 'Dark Blue World (Tmavomodrý svet)', 'Wearn', 'Dow', '2018-12-16'),
	(147, '1234', 'Chains (Catene)', 'Aglione', 'Ellerton', '2018-08-16'),
	(148, '1234', 'Blue Juice', 'Larraway', 'Gottschalk', '2018-05-21'),
	(149, '1234', 'Three Guys Named Mike', 'Checchi', 'Tommasuzzi', '2019-03-18'),
	(150, '1234', 'Breakout', 'Allpress', 'Berkowitz', '2019-02-05'),
	(151, '1234', 'Dealing: Or the Berkeley-to-Boston Forty-Brick Lost-Bag Blues', 'Kristof', 'Brooksby', '2018-12-30'),
	(152, '1234', 'Suicide Club (Jisatsu saakuru)', 'Allgood', 'Denning', '2018-06-04'),
	(153, '1234', 'Gosford Park', 'Salomon', 'Byk', '2019-02-10'),
	(154, '1234', 'Four Bags Full', 'Goldie', 'Biagini', '2018-06-03'),
	(155, '1234', 'Requiem', 'Warrack', 'Kerrey', '2018-04-30'),
	(156, '1234', 'Louis Cyr: The Strongest Man in the World', 'Fawkes', 'Annatt', '2018-07-18'),
	(157, '1234', 'Contact High', 'Gajewski', 'Roscamp', '2018-04-28'),
	(158, '1234', 'Blank City', 'Duckerin', 'Galbreath', '2018-05-25'),
	(159, '1234', 'Flannel Pajamas', 'Tumber', 'Aspenlon', '2019-01-20'),
	(160, '1234', 'Waiting for Superman', 'Danilevich', 'Vanyashkin', '2019-01-23'),
	(161, '1234', 'Paranormal Activity 2', 'Gopsall', 'Stilly', '2018-12-26'),
	(162, '1234', 'Peacekeeper, The', 'Billson', 'Baldocci', '2019-01-05'),
	(163, '1234', 'Rebels of the Neon God (Qing shao nian nuo zha)', 'Keld', 'Toulmin', '2019-01-18'),
	(164, '1234', 'Hateship Loveship', 'Lipscombe', 'Woodrup', '2019-04-05'),
	(165, '1234', 'David Cross: The Pride Is Back', 'Frosch', 'Luchetti', '2019-03-09'),
	(166, '1234', 'Corsican File, The (L\'enquête corse)', 'Lage', 'Alleway', '2018-07-31'),
	(167, '1234', 'Arizona Dream', 'Rysom', 'Baynom', '2018-10-24'),
	(168, '1234', 'Kamchatka', 'Keam', 'Gager', '2018-08-24'),
	(169, '1234', 'Temptation (Tentação)', 'Figurski', 'McNay', '2018-11-12'),
	(170, '1234', 'In Therapy (Divã)', 'Whisker', 'Crigin', '2018-05-06'),
	(171, '1234', '[REC]³ 3 Génesis', 'McCaskill', 'Sandwith', '2019-03-25'),
	(172, '1234', 'Tinker, Tailor, Soldier, Spy', 'Cossentine', 'Gilby', '2018-06-21'),
	(173, '1234', 'Knights of the Round Table', 'Kitching', 'Efford', '2019-03-25'),
	(174, '1234', 'Where Is Fred!? (Wo ist Fred?)', 'Tinman', 'Errol', '2018-07-09'),
	(175, '1234', 'Tube Tales', 'Breslin', 'Maciunas', '2019-01-10'),
	(176, '1234', 'King and the Clown, The (Wang-ui namja)', 'Mickelwright', 'Kerne', '2019-03-23'),
	(177, '1234', 'Color Purple, The', 'Landon', 'Wakefield', '2019-01-27'),
	(178, '1234', 'Boy in Blue, The', 'Ruppel', 'Kobierski', '2018-06-03'),
	(179, '1234', 'Robinson in Space', 'Challenger', 'Chisnall', '2018-10-06'),
	(180, '1234', 'Big Deal on Madonna Street (I Soliti Ignoti)', 'Kane', 'Ormiston', '2019-03-05'),
	(181, '1234', 'Wisdom of Crocodiles, The (a.k.a. Immortality)', 'Pennone', 'Allsop', '2018-12-08'),
	(182, '1234', 'Decasia: The State of Decay', 'Laydon', 'Hammer', '2018-09-23'),
	(183, '1234', 'Gate II: Trespassers, The', 'Tipping', 'Dunlop', '2018-09-01'),
	(184, '1234', 'Ivanhoe', 'Haszard', 'Farmiloe', '2019-02-20'),
	(185, '1234', 'Tai-Pan', 'Cosbee', 'Vickarman', '2019-01-25'),
	(186, '1234', 'Book of Fate, The (Kohtalon kirja)', 'Brock', 'Lippo', '2018-09-27'),
	(187, '1234', 'Teorema', 'Trayford', 'O\'Nion', '2018-05-14'),
	(188, '1234', 'Kismet', 'Debell', 'Gravie', '2018-10-15'),
	(189, '1234', 'Hail Columbia!', 'Bernardot', 'Edmead', '2018-10-19'),
	(190, '1234', 'Kids in the Hall: Same Guys, New Dresses', 'Brockie', 'Meddick', '2019-03-27'),
	(191, '1234', 'After the Rain (Ame agaru) ', 'Dowda', 'Dymoke', '2018-10-08'),
	(192, '1234', 'Good Morning, Vietnam', 'Scotney', 'Benjamin', '2019-02-16'),
	(193, '1234', 'Brain Damage', 'Tourner', 'Effaunt', '2018-06-01'),
	(194, '1234', 'Angela\'s Ashes', 'Emett', 'Carah', '2019-04-17'),
	(195, '1234', 'Second Chance, The', 'Ravel', 'Brome', '2018-09-16'),
	(196, '1234', 'Werewolf Boy, A (Neuk-dae-so-nyeon)', 'Greville', 'Bastin', '2018-09-27'),
	(197, '1234', 'Emil i Lönneberga', 'Addeycott', 'Minigo', '2019-03-25'),
	(198, '1234', 'Beauty and the Beast (La belle et la bête)', 'Garmey', 'Merkel', '2019-02-06'),
	(199, '1234', 'Happy Tears', 'McKune', 'Foy', '2019-03-16'),
	(200, '1234', 'Sylvia Scarlett', 'Klarzynski', 'Whiteoak', '2019-02-20'),
	(201, '1234', 'Girl Play', 'Cummins', 'Korneichik', '2019-02-07'),
	(202, '1234', 'Haunting at Silver Falls, A', 'Cunnane', 'Jiricka', '2018-09-04'),
	(203, '1234', 'Zero Hour!', 'Leggitt', 'Tomek', '2018-09-09'),
	(204, '1234', 'Devil Hunter (El caníbal)', 'Grzes', 'Deeson', '2018-05-30'),
	(205, '1234', 'The Pumaman', 'Thick', 'Backman', '2019-01-18'),
	(206, '1234', 'Cronos', 'Jankovic', 'Delmonti', '2018-07-26'),
	(207, '1234', 'Man Called Sledge, A', 'Gooda', 'Pendered', '2018-06-18'),
	(208, '1234', 'Assassins', 'Connock', 'Pleaden', '2019-04-17'),
	(209, '1234', 'Scourge', 'Beacham', 'Hindmoor', '2018-08-15'),
	(210, '1234', 'Girls Will Be Girls', 'Yter', 'Alejandro', '2019-02-02'),
	(211, '1234', 'Eagle vs Shark', 'Scargle', 'O\'Scollain', '2018-12-29'),
	(212, '1234', 'Anything Goes', 'Pidwell', 'Caustic', '2018-09-06'),
	(213, '1234', 'The Love Letter', 'Coey', 'Finnimore', '2019-02-07'),
	(214, '1234', 'Past Midnight', 'Samsonsen', 'Yuill', '2019-03-18'),
	(215, '1234', 'Kozara', 'Nappin', 'Bodycombe', '2018-08-08'),
	(216, '1234', 'John Q', 'Brownsell', 'Denis', '2019-03-09'),
	(217, '1234', 'Slasher', 'Gair', 'Heyfield', '2018-07-28'),
	(218, '1234', 'No Where No One (Hich Koja Hich Kas)', 'Oganesian', 'Jacobsson', '2018-10-14'),
	(219, '1234', 'Melancholia', 'Doggerell', 'Smeeton', '2018-12-20'),
	(220, '1234', 'Flashdance', 'Stollenberg', 'Bernucci', '2019-03-24'),
	(221, '1234', 'Rock-afire Explosion, The', 'Splaven', 'Roscher', '2018-07-17'),
	(222, '1234', 'Idlewild', 'Hellwig', 'Spanton', '2019-01-22'),
	(223, '1234', 'Dead in Tombstone', 'Lempke', 'Elliss', '2018-05-30'),
	(224, '1234', 'Diary of a Shinjuku Thief (Shinjuku dorobo nikki)', 'Seel', 'Franklen', '2019-02-20'),
	(225, '1234', '7th Heaven (Seventh Heaven)', 'Sayton', 'Stirzaker', '2018-08-23'),
	(226, '1234', 'Intolerable Cruelty', 'Reuter', 'Zamudio', '2019-02-08'),
	(227, '1234', 'Auschwitz: The Nazis and the \'Final Solution\'', 'Yanshonok', 'Hryniewicki', '2018-08-04'),
	(228, '1234', 'Christmas with the Kranks', 'Tizzard', 'Lester', '2019-01-25'),
	(229, '1234', 'Going to Kansas City', 'Randles', 'Rosentholer', '2018-10-31'),
	(230, '1234', 'Zuzu Angel', 'Fyall', 'Lanchberry', '2018-07-11'),
	(231, '1234', 'Prisoner of the Mountains (Kavkazsky plennik)', 'Linguard', 'Brownhill', '2018-09-10'),
	(232, '1234', 'Kill Me Again', 'Bails', 'Gaine', '2019-04-03'),
	(233, '1234', 'East, The', 'Beverstock', 'Paybody', '2018-04-27'),
	(234, '1234', 'All Together', 'Goodinson', 'Vaan', '2018-08-18'),
	(235, '1234', 'Bug', 'Cossor', 'Buney', '2018-12-16'),
	(236, '1234', 'Hamlet 2', 'Balsillie', 'Togwell', '2018-06-30'),
	(237, '1234', 'My Wife\'s Relations', 'Foltin', 'Bawles', '2018-07-04'),
	(238, '1234', 'Invisible Ray, The', 'Arthy', 'Iliff', '2018-10-09'),
	(239, '1234', 'Catch .44', 'Corkell', 'Barkhouse', '2018-12-21'),
	(240, '1234', 'Scorpio', 'Ithell', 'Keogh', '2018-10-17'),
	(241, '1234', 'Walkabout', 'Harridge', 'Matisoff', '2018-06-14'),
	(242, '1234', 'Amour', 'Aharoni', 'DeSousa', '2018-07-22'),
	(243, '1234', 'Stagecoach', 'Buckles', 'Agge', '2018-10-03'),
	(244, '1234', 'EDtv', 'Ballham', 'Rannald', '2019-04-06'),
	(245, '1234', 'Downloading Nancy', 'Shillinglaw', 'Nears', '2018-10-13'),
	(246, '1234', 'Mothlight', 'Darey', 'Gaythor', '2018-12-25'),
	(247, '1234', 'How I Got Into College', 'Janosevic', 'Garatty', '2018-06-13'),
	(248, '1234', 'Task, The', 'Povlsen', 'Arne', '2018-09-14'),
	(249, '1234', 'Friday the 13th', 'Askam', 'Kiss', '2019-04-12'),
	(250, '1234', 'April Captains (Capitães de Abril)', 'Hoodspeth', 'Stennet', '2018-11-11'),
	(251, '1234', 'Below the Belt', 'Burgot', 'Childerley', '2018-11-12'),
	(252, '1234', 'Made in Heaven', 'Hatwell', 'Hubbock', '2019-03-02'),
	(253, '1234', 'Prinsessa (Starring Maja)', 'Beyer', 'Eite', '2018-05-08'),
	(254, '1234', 'C.H.O.M.P.S.', 'Glynne', 'Cowern', '2018-07-11'),
	(255, '1234', 'Chuck & Buck', 'Simond', 'Ney', '2018-05-13'),
	(256, '1234', 'Free Enterprise', 'Seatter', 'Barg', '2019-03-29'),
	(257, '1234', 'Wild Card', 'Jack', 'Peacock', '2018-07-29'),
	(258, '1234', 'Sweet Hereafter, The', 'Duetschens', 'Amiranda', '2018-05-16'),
	(259, '1234', 'Travelling Salesman', 'Eads', 'Barwise', '2019-01-13'),
	(260, '1234', 'Pirates Who Don\'t Do Anything: A VeggieTales Movie, The', 'Hark', 'Livock', '2019-01-04'),
	(261, '1234', 'French Kiss', 'Ivanichev', 'Sapson', '2018-07-27'),
	(262, '1234', 'House of Sand and Fog', 'Kuhnert', 'Wragg', '2018-11-04'),
	(263, '1234', 'Girl in the Cadillac', 'Dumbare', 'Waslin', '2018-10-26'),
	(264, '1234', 'Get Low', 'Cadagan', 'McBratney', '2018-11-15'),
	(265, '1234', 'Legend of Bagger Vance, The', 'Bottleson', 'Barthrup', '2018-06-11'),
	(266, '1234', 'Queen: Days of Our Lives', 'Bacchus', 'Raiment', '2019-02-19'),
	(267, '1234', 'Intimate Strangers (Confidences trop intimes)', 'Lummus', 'Wilsdon', '2018-10-18'),
	(268, '1234', 'Escape to Witch Mountain', 'Benstead', 'Dargie', '2018-05-04'),
	(269, '1234', 'Eden of the East the Movie II: Paradise Lost (Higashi no Eden Gekijôban II: Paradise Lost)', 'Randalson', 'Fine', '2019-04-14'),
	(270, '1234', 'White Squall', 'Pietzke', 'Gounet', '2019-03-23'),
	(271, '1234', 'Betty Boop\'s Hallowe\'en Party', 'Sheaber', 'Growcock', '2018-06-03'),
	(272, '1234', 'Mummies: Secrets of the Pharaohs (a.k.a. Mummies 3D)', 'Jowitt', 'Gres', '2018-07-09'),
	(273, '1234', 'Husbands', 'Haddick', 'Donnett', '2019-01-22'),
	(274, '1234', 'The Town that Dreaded Sundown', 'Devanny', 'Pirazzi', '2018-07-08'),
	(275, '1234', 'Compulsion', 'Carrol', 'Christian', '2018-07-01'),
	(276, '1234', 'Replacement Killers, The', 'Reford', 'Note', '2018-08-08'),
	(277, '1234', 'World of Apu, The (Apur Sansar)', 'Soda', 'Cowlam', '2018-09-24'),
	(278, '1234', 'Unforgotten: Twenty-Five Years After Willowbrook', 'Leyfield', 'Pinder', '2018-08-02'),
	(279, '1234', 'Baboona', 'Alwood', 'Spadazzi', '2018-04-25'),
	(280, '1234', 'Story of a Cheat, The (Roman d\'un tricheur, Le)', 'Osorio', 'Chatelain', '2018-07-31'),
	(281, '1234', 'Devil\'s Rain, The', 'Matushevitz', 'Parkyn', '2018-07-06'),
	(282, '1234', 'Miracle Woman, The', 'Hartell', 'Blunt', '2018-08-20'),
	(283, '1234', 'Newlyweds', 'Peevor', 'Dumbreck', '2018-06-01'),
	(284, '1234', 'Deliver Us from Evil', 'Clouston', 'Seydlitz', '2018-12-20'),
	(285, '1234', 'Mona Lisa Smile', 'Pallin', 'Hartmann', '2018-05-06'),
	(286, '1234', 'Hysterical Blindness', 'Denney', 'Joice', '2019-03-08'),
	(287, '1234', 'Scent of Green Papaya, The (Mùi du du xhan - L\'odeur de la papaye verte)', 'Gommery', 'Vasler', '2018-11-13'),
	(288, '1234', 'Man from Nowhere, The (Ajeossi)', 'Cameron', 'Lackie', '2018-09-14'),
	(289, '1234', 'Das Experiment (Experiment, The)', 'Duncan', 'Le Marquand', '2018-12-20'),
	(290, '1234', 'Are We Done Yet?', 'Snowdon', 'Robez', '2019-01-28'),
	(291, '1234', 'Boys, Les', 'Mairs', 'Cauley', '2019-01-28'),
	(292, '1234', 'Nymphomaniac: Volume I', 'Fison', 'Bonhome', '2019-04-14'),
	(293, '1234', 'Twentynine Palms', 'Isaksen', 'Filyaev', '2018-04-26'),
	(294, '1234', 'Reckless Moment, The', 'Saffin', 'Middell', '2018-06-02'),
	(295, '1234', 'Inside Daisy Clover', 'Miell', 'Choldcroft', '2019-02-01'),
	(296, '1234', 'Prestige, The', 'Klimashevich', 'Sprason', '2018-07-13'),
	(297, '1234', 'Fantastic Planet, The (Planète sauvage, La)', 'Verheijden', 'Mugglestone', '2018-09-09'),
	(299, '1234', 'Suburbia', 'Perfitt', 'Cardno', '2018-06-08'),
	(300, '1234', 'Life in Flight ', 'Fillis', 'Willacot', '2019-04-03'),
	(301, '1234', 'Princess Mononoke (Mononoke-hime)', 'Thring', 'Jaskowicz', '2018-11-17'),
	(302, '1234', 'Possessed', 'Torn', 'Whates', '2019-02-23'),
	(303, '1234', 'Clash of the Titans', 'Annott', 'Korneluk', '2018-09-26'),
	(304, '1234', 'Paranoia', 'Hubeaux', 'Mouat', '2018-08-10'),
	(305, '1234', 'See No Evil', 'Winger', 'Guarin', '2018-05-27'),
	(306, '1234', 'Harry Potter and the Half-Blood Prince', 'Beacom', 'Spafford', '2018-06-14'),
	(307, '1234', 'Bring It On: In It To Win It', 'Crawshay', 'Dupre', '2019-03-09'),
	(308, '1234', 'A Pigeon Sat on a Branch Reflecting on Existence', 'Preuvost', 'Lorain', '2018-06-21'),
	(309, '1234', 'Ace Ventura: Pet Detective', 'Dufour', 'Dowyer', '2019-02-17'),
	(310, '1234', 'Farsan', 'Le Claire', 'Dowell', '2018-06-28'),
	(311, '1234', 'He Ran All the Way', 'Shepherdson', 'Keir', '2018-09-04'),
	(312, '1234', 'Manhunter', 'Arter', 'Penhall', '2019-04-01'),
	(313, '1234', 'Big Bird Cage, The', 'Moxstead', 'McNae', '2018-08-29'),
	(314, '1234', 'Strayed (égarés, Les)', 'Tolcher', 'Aguirrezabal', '2018-11-04'),
	(315, '1234', 'Farewell to Matyora', 'Rosindill', 'Grogono', '2019-01-18'),
	(316, '1234', 'Alice', 'Rulf', 'Tomaello', '2018-11-26'),
	(318, '1234', 'Hell\'s Angels', 'Edlington', 'Beneze', '2018-10-29'),
	(319, '1234', 'Voices', 'Iacopini', 'MacQueen', '2018-08-09'),
	(320, '1234', 'All Things Fair (Lust och fägring stor)', 'Romain', 'Henriet', '2018-06-30'),
	(321, '1234', 'Mar Baum', 'Pennell', 'Boreland', '2018-11-25'),
	(322, '1234', 'Diary of a Lost Girl (Tagebuch einer Verlorenen)', 'Piet', 'Barents', '2018-07-26'),
	(323, '1234', 'Strawberry Statement, The', 'Griffey', 'Bircher', '2018-08-24'),
	(324, '1234', 'Libeled Lady', 'Hayton', 'Kivelhan', '2018-05-16'),
	(325, '1234', 'Promised Land', 'Joblin', 'Goering', '2018-06-06'),
	(326, '1234', 'Severed Arm, The', 'Tatterton', 'Seeley', '2018-06-04'),
	(327, '1234', 'I Hired a Contract Killer', 'Brevitt', 'Ilbert', '2019-03-22'),
	(328, '1234', 'Submarino', 'de Bullion', 'Geyton', '2018-11-28'),
	(329, '1234', 'Agatha', 'Docwra', 'Schwant', '2018-04-24'),
	(330, '1234', 'Ceremony', 'Drummer', 'Yokley', '2019-03-28'),
	(331, '1234', 'Ice Castles', 'Comiskey', 'Dunkerton', '2018-12-02'),
	(332, '1234', 'Harvey Girls, The', 'Yarnold', 'Quarrell', '2019-02-04'),
	(333, '1234', 'Bag It', 'Fletham', 'Pinsent', '2018-06-25'),
	(334, '1234', 'Snow and Ashes', 'Butner', 'Cotterel', '2018-08-24'),
	(335, '1234', 'Sherlock Jr.', 'Rishbrook', 'Harback', '2018-09-25'),
	(336, '1234', 'Doll\'s House, A', 'Kunes', 'Borborough', '2018-05-17'),
	(337, '1234', 'Men in Black II (a.k.a. MIIB) (a.k.a. MIB 2)', 'Ketchen', 'Campaigne', '2019-03-09'),
	(338, '1234', 'Oedipus Rex (Edipo re)', 'Waind', 'Helversen', '2018-12-23'),
	(339, '1234', 'Simple Simon (I rymden finns inga känslor)', 'Mebes', 'Cordoba', '2019-03-06'),
	(340, '1234', 'My Awkward Sexual Adventure', 'Osan', 'Enticott', '2018-05-17'),
	(341, '1234', 'Cat\'s-Paw, The', 'Mongenot', 'Chastel', '2018-06-26'),
	(342, '1234', 'Flock, The', 'Pepi', 'Pottes', '2018-12-13'),
	(343, '1234', 'Carry on Cabby', 'Victor', 'Wilne', '2018-08-12'),
	(344, '1234', 'Nightcap (Merci pour le chocolat)', 'Cheves', 'Bohlin', '2019-03-19'),
	(345, '1234', 'Seizure', 'Ascroft', 'Barbery', '2018-05-02'),
	(346, '1234', 'An Apology to Elephants', 'Jacquemard', 'Reichhardt', '2019-01-06'),
	(347, '1234', 'Identification of a Woman (Identificazione di una donna)', 'Tunnow', 'Semeniuk', '2019-02-27'),
	(348, '1234', 'Man with the Iron Fists, The', 'Charrington', 'Adair', '2018-09-04'),
	(349, '1234', 'Two Lovers', 'Cardew', 'Bater', '2018-05-11'),
	(350, '1234', 'The Flower', 'Clappison', 'Shackelton', '2019-04-21'),
	(351, '1234', 'Stop Making Sense', 'Milksop', 'Willmot', '2018-05-26'),
	(352, '1234', 'Tracy Morgan: Black and Blue', 'Ricioppo', 'Sells', '2018-11-01'),
	(353, '1234', 'LUV', 'Yashaev', 'Cockshot', '2018-05-18'),
	(354, '1234', 'Cimarron', 'Hutcheon', 'Hartgill', '2019-01-31'),
	(355, '1234', 'Surviving Progress', 'Andreuzzi', 'Withrington', '2018-09-13'),
	(356, '1234', 'Puss in Boots', 'Treherne', 'Haythorn', '2019-03-04'),
	(357, '1234', 'Goddess, The (Shen nu)', 'Irvin', 'MacGowing', '2018-10-24'),
	(358, '1234', 'Desire: The Vampire', 'Ewestace', 'Rapelli', '2018-12-26'),
	(359, '1234', 'Hellfighters', 'Stack', 'Phillput', '2018-07-08'),
	(360, '1234', 'Skhizein', 'Penwright', 'Reimers', '2019-01-31'),
	(361, '1234', 'Children Underground', 'Renak', 'Jerams', '2019-03-21'),
	(362, '1234', 'Choppertown: The Sinners', 'Darton', 'Stempe', '2019-02-02'),
	(363, '1234', 'To Be or Not to Be', 'Cuvley', 'Stotherfield', '2019-01-03'),
	(364, '1234', 'Hunchback, The', 'Rodolf', 'Crolly', '2019-02-12'),
	(365, '1234', 'Adventures of Milo and Otis, The (Koneko monogatari)', 'Kimberley', 'Patridge', '2018-06-10'),
	(366, '1234', 'Rainmaker, The', 'Horrigan', 'Bunhill', '2018-08-30'),
	(367, '1234', 'Despair', 'Barock', 'Elliff', '2018-10-14'),
	(368, '1234', 'I Became a Criminal (They Made Me a Fugitive)', 'Wolters', 'Lanahan', '2019-02-13'),
	(369, '1234', 'Wrecking Crew, The', 'Bolliver', 'Neubigging', '2019-02-25'),
	(370, '1234', 'Goldene Zeiten', 'Plumley', 'Fauguel', '2018-09-26'),
	(371, '1234', 'Weird Woman', 'Spleving', 'Dust', '2018-09-01'),
	(372, '1234', 'Act of Valor', 'Setterfield', 'Andrejs', '2019-04-13'),
	(373, '1234', 'Unholy', 'Nisius', 'Devers', '2019-03-03'),
	(374, '1234', 'Top Gun', 'Fuster', 'Gosse', '2018-05-01'),
	(375, '1234', 'Tom Thumb', 'McGriffin', 'Jakeman', '2018-10-01'),
	(376, '1234', 'Bruna Surfistinha', 'McKinley', 'Kellet', '2018-05-05'),
	(377, '1234', 'Birdemic: Shock and Terror', 'Truesdale', 'Minichi', '2018-06-04'),
	(378, '1234', 'No Mercy (Yongseoneun Eupda)', 'Bottrell', 'Gianinotti', '2018-12-12'),
	(379, '1234', 'Trauma', 'Croizier', 'Beceril', '2019-02-18'),
	(380, '1234', 'Gunga Din', 'Grogona', 'Watson-Brown', '2018-11-17'),
	(381, '1234', 'Cheech & Chong: Still Smokin\'', 'Twiddle', 'Haberfield', '2018-06-06'),
	(382, '1234', 'Waco: A New Revelation', 'Hawkwood', 'Edgin', '2018-09-20'),
	(383, '1234', 'Cosmic Monster, The', 'Bennen', 'Matantsev', '2019-04-09'),
	(384, '1234', 'We Cause Scenes', 'Templman', 'Rizzillo', '2019-02-20'),
	(385, '1234', 'Half Moon Street', 'Ballach', 'Iredale', '2018-11-14'),
	(386, '1234', 'Bears', 'Walsham', 'Wigfield', '2018-09-05'),
	(387, '1234', 'Babes in Arms', 'Cleyburn', 'Shears', '2018-08-02'),
	(388, '1234', 'Seven Years Bad Luck', 'Danshin', 'Scarsbrook', '2018-11-15'),
	(389, '1234', 'House Hunting', 'Adamec', 'Churchouse', '2018-09-02'),
	(390, '1234', 'Dead Time: Kala', 'Venditti', 'Ortelt', '2019-02-04'),
	(391, '1234', 'Bend of the River', 'Emm', 'Akister', '2018-08-16'),
	(392, '1234', 'The Chase', 'Blevin', 'De Fraine', '2018-10-24'),
	(393, '1234', 'La cravate', 'Praundlin', 'Donavan', '2018-10-23'),
	(394, '1234', 'Popatopolis', 'Shinton', 'Dean', '2018-10-06'),
	(395, '1234', 'Please Don\'t Eat the Daisies', 'Lambell', 'Tolputt', '2018-12-11'),
	(396, '1234', 'Broken City', 'Vinsen', 'Tipper', '2018-06-07'),
	(397, '1234', 'Delbaran', 'Harbisher', 'Clew', '2019-04-13'),
	(398, '1234', 'Twelve O\'Clock High', 'Hekkert', 'Tellett', '2019-01-02'),
	(399, '1234', 'Maltese Falcon, The', 'Avo', 'Halward', '2018-06-14'),
	(400, '1234', 'Maidens\' Conspiracy, The (Tirante el Blanco)', 'Parkisson', 'London', '2018-04-30'),
	(401, '1234', 'Wolfman, The', 'Cauldfield', 'Joule', '2018-09-12'),
	(402, '1234', 'Barbarian Queen', 'Lethcoe', 'Janikowski', '2018-11-19'),
	(403, '1234', 'Shooting Dogs (a.k.a. Beyond the Gates)', 'Rivelin', 'Olenichev', '2019-03-04'),
	(404, '1234', 'Salome\'s Last Dance', 'Cowan', 'Barford', '2018-10-07'),
	(405, '1234', 'Birdman of Alcatraz', 'Baillie', 'McGrae', '2019-01-18'),
	(406, '1234', 'August Mordum\'s Underground', 'Parmley', 'Tamburo', '2019-01-31'),
	(407, '1234', 'Paintball', 'Devericks', 'Shepstone', '2018-10-12'),
	(408, '1234', 'Love and Honor', 'Kenforth', 'Speak', '2019-01-20'),
	(409, '1234', 'Small Town in Texas, A', 'Rosoni', 'Maystone', '2018-04-28'),
	(410, '1234', 'Care Bears Movie, The', 'Barette', 'Ransley', '2018-11-08'),
	(411, '1234', 'Six-String Samurai', 'Macilhench', 'Kindon', '2018-09-05'),
	(412, '1234', 'Brady Bunch Movie, The', 'Simmill', 'Saunper', '2019-04-06'),
	(413, '1234', 'Last Witness, The', 'Gorwood', 'Dear', '2019-02-08'),
	(414, '1234', 'Last Cowboy Standing (Skavabölen pojat)', 'Coombs', 'Bavridge', '2018-09-27'),
	(415, '1234', 'Three Guys Named Mike', 'Bloomfield', 'Whitney', '2018-09-17'),
	(416, '1234', 'Suburban Commando', 'Scogin', 'Gorey', '2018-05-31'),
	(417, '1234', 'Satin Rouge', 'Karolewski', 'Iacovone', '2019-01-08'),
	(418, '1234', 'One Wonderful Sunday (Subarashiki nichiyobi)', 'Gooderham', 'McKirton', '2018-09-04'),
	(419, '1234', 'Nightbreed', 'Spitaro', 'Maior', '2018-08-25'),
	(420, '1234', 'Living Dead Girl, The (Morte Vivante, La)', 'Lanchbury', 'Medler', '2018-12-24'),
	(421, '1234', 'An American Tail: The Mystery of the Night Monster', 'Dormon', 'Shedden', '2018-05-07'),
	(422, '1234', 'Waiting Game, The', 'Hulance', 'Paul', '2019-01-24'),
	(423, '1234', 'Champ, The', 'Valett', 'Gamil', '2019-04-08'),
	(424, '1234', 'Memories of Matsuko (Kiraware Matsuko no isshô)', 'Beecraft', 'Cossell', '2018-09-10'),
	(425, '1234', 'Wicked Little Things', 'Shemming', 'Stallebrass', '2019-02-18'),
	(426, '1234', 'American Haunting, An', 'Skuce', 'Skipping', '2018-07-28'),
	(427, '1234', '2 ou 3 choses que je sais d\'elle (2 or 3 Things I Know About Her)', 'Scothern', 'Greenacre', '2019-03-24'),
	(428, '1234', 'Sea Fog', 'Chatelet', 'Alessandone', '2019-03-11'),
	(429, '1234', 'Devil\'s Rock, The', 'MacRory', 'Gealle', '2019-03-25'),
	(430, '1234', 'My Bloody Valentine', 'Di Maggio', 'Lampet', '2018-08-29'),
	(431, '1234', 'Gigi', 'McGraw', 'Grumell', '2019-03-05'),
	(432, '1234', 'Ill Gotten Gains', 'Isakowicz', 'Cradick', '2018-10-30'),
	(433, '1234', 'Street of Shame (Akasen chitai)', 'Laban', 'Nicklinson', '2018-04-29'),
	(434, '1234', 'Show Boat', 'Winnister', 'De la Perrelle', '2019-02-14'),
	(435, '1234', 'Butterfly Kiss', 'Janssen', 'Ibell', '2018-09-06'),
	(436, '1234', 'Control Room', 'Blonfield', 'Lorryman', '2018-07-08'),
	(437, '1234', 'Shallow Grave', 'Nelane', 'Dutt', '2018-07-19'),
	(438, '1234', 'Stille nacht', 'Teaze', 'Duesbury', '2019-04-20'),
	(439, '1234', 'Wetherby', 'Scudders', 'Farmiloe', '2018-05-18'),
	(440, '1234', 'Breaker! Breaker!', 'Darkott', 'Ellingham', '2018-06-13'),
	(441, '1234', 'Hatari!', 'Paggitt', 'Macoun', '2018-06-05'),
	(442, '1234', 'Black Rain (Kuroi ame)', 'Dhenin', 'Boylan', '2018-06-25'),
	(443, '1234', 'Natural Selection', 'Lithgow', 'McIlwreath', '2018-05-31'),
	(444, '1234', 'D3: The Mighty Ducks', 'Bedborough', 'Luparto', '2018-05-24'),
	(445, '1234', 'Good Humor Man, The', 'Chaney', 'Copeman', '2019-02-17'),
	(446, '1234', 'Blood, Guts, Bullets and Octane', 'Jory', 'Sherborne', '2018-08-08'),
	(447, '1234', 'Who Killed Nancy?', 'Agott', 'Jewess', '2018-12-24'),
	(448, '1234', 'Any Number Can Play', 'Kibbe', 'Le Noury', '2018-12-13'),
	(449, '1234', 'Whisperers, The', 'Malley', 'Blackboro', '2018-12-22'),
	(450, '1234', 'Garfield\'s Halloween Adventure', 'Joddins', 'Walkinshaw', '2018-12-05'),
	(451, '1234', 'Battle in Outer Space', 'Mulvin', 'Pethrick', '2018-10-03'),
	(452, '1234', 'Greenwich Village: Music That Defined a Generation ', 'Higford', 'Hilldrup', '2018-05-31'),
	(453, '1234', 'Honkytonk Man', 'Kilshall', 'Montague', '2019-03-14'),
	(454, '1234', 'Flock of Dodos: The Evolution-Intelligent Design Circus', 'Jachimczak', 'O\'Longain', '2018-10-12'),
	(455, '1234', 'Johnny Express', 'Branche', 'Towlson', '2019-02-06'),
	(456, '1234', 'Felon', 'Tender', 'Fortnum', '2018-08-30'),
	(457, '1234', 'October Sky', 'Busain', 'O\' Kelleher', '2018-11-17'),
	(458, '1234', 'Sons of the Desert', 'Baggarley', 'Windeatt', '2018-06-23'),
	(459, '1234', 'Ex-Lady', 'Lambarth', 'Russell', '2019-02-28'),
	(460, '1234', 'Mark Twain', 'O\'Murtagh', 'Yankov', '2018-12-07'),
	(461, '1234', 'Cadence', 'Gilchriest', 'Slott', '2018-05-16'),
	(462, '1234', 'Freshman, The', 'Row', 'Christofor', '2018-12-15'),
	(463, '1234', 'Samouraï, Le (Godson, The)', 'Offord', 'Kingh', '2019-01-26'),
	(464, '1234', 'When Animals Dream (Når dyrene drømmer)', 'Halwood', 'O\'Sharkey', '2018-05-05'),
	(465, '1234', 'Corman\'s World: Exploits of a Hollywood Rebel', 'Rosenbarg', 'Husthwaite', '2018-09-13'),
	(466, '1234', 'Jönssonligan på Mallorca', 'Casino', 'Veal', '2019-03-16'),
	(467, '1234', 'Where the Boys Are', 'Desouza', 'Dugmore', '2019-04-07'),
	(468, '1234', 'The Divine Move', 'Dengate', 'Scherer', '2018-12-18'),
	(469, '1234', 'Notting Hill', 'Vasyutin', 'Fairlamb', '2018-11-17'),
	(470, '1234', 'Starry Eyes', 'Macvey', 'Durrand', '2019-01-04'),
	(471, '1234', 'Take Me Home Tonight', 'Ditchett', 'Bolam', '2018-08-01'),
	(472, '1234', 'All-Star Superman', 'Davy', 'Starbuck', '2018-10-13'),
	(473, '1234', 'Beowulf & Grendel', 'Cressey', 'Vasyukhichev', '2018-08-21'),
	(474, '1234', 'Courage Mountain', 'Pounds', 'Sanper', '2018-09-10'),
	(475, '1234', 'Extreme Movie', 'Silkston', 'Longhurst', '2018-10-10'),
	(476, '1234', 'Flicka', 'McLaughlin', 'Epsley', '2018-06-02'),
	(477, '1234', 'Kenji Mizoguchi: The Life of a Film Director (Aru eiga-kantoku no shogai)', 'Yukhnini', 'Pimlott', '2018-09-12'),
	(478, '1234', 'Boost, The', 'Warret', 'Houselee', '2019-04-17'),
	(479, '1234', 'G.O.R.A.', 'Fairburn', 'Jeanesson', '2018-04-28'),
	(480, '1234', 'Numbskull Emptybrook (Uuno Turhapuro)', 'Riccardini', 'Curston', '2018-08-31'),
	(481, '1234', 'Long Walk Home, The', 'Silbert', 'Stieger', '2019-01-01'),
	(482, '1234', 'Brothers', 'MacKessock', 'McLorinan', '2019-04-22'),
	(483, '1234', 'Final Season, The', 'Choake', 'Forder', '2018-06-14'),
	(484, '1234', 'Flintstones in Viva Rock Vegas, The', 'Ricks', 'Gianuzzi', '2018-12-11'),
	(485, '1234', 'Stuart Little 3: Call of the Wild', 'Megahey', 'Grigor', '2019-01-30'),
	(486, '1234', 'Never Say... Never! (Il ne faut jurer... de rien!)', 'Le Page', 'Sysland', '2019-01-18'),
	(487, '1234', 'Two Loves', 'Sillick', 'Rothermel', '2018-05-24'),
	(488, '1234', 'My Own Private Idaho', 'Imeson', 'Brash', '2018-07-22'),
	(489, '1234', 'Interior. Leather Bar.', 'Benyan', 'Castan', '2018-11-28'),
	(490, '1234', 'Jack and Sarah', 'Mucklestone', 'Tarborn', '2019-03-20'),
	(491, '1234', 'Mississippi Burning', 'Hierro', 'Gibbens', '2018-12-17'),
	(492, '1234', 'Tuesdays with Morrie', 'Imesson', 'Driutti', '2019-01-08'),
	(493, '1234', 'José and Pilar (José e Pilar)', 'Tongue', 'Hadcroft', '2019-03-02'),
	(494, '1234', 'Casual Relations', 'Tithecott', 'Revill', '2019-01-10'),
	(495, '1234', 'The Heart Machine', 'O\'Hartnedy', 'Couroy', '2018-10-24'),
	(496, '1234', 'Sexy Baby', 'Kelf', 'Buer', '2019-03-16'),
	(497, '1234', 'Arena, The (a.k.a. Naked Warriors)', 'Ecob', 'Glentworth', '2018-07-03'),
	(498, '1234', 'Anguish (Angustia)', 'St Ledger', 'Juza', '2018-10-03'),
	(499, '1234', 'Proof of Life', 'Bendel', 'Kohnen', '2019-03-29'),
	(500, '1234', 'Cellular', 'Alban', 'Iacovielli', '2018-11-19'),
	(503, '33333', '33333', '33333', '33333', '2019-05-02'),
	(505, '1111', '1111', '1111', '1111', '2019-05-02'),
	(506, '123', '123', '123', '123', '2019-05-02'),
	(507, 'rrrrr', 'rrrrr', 'rrrrr', 'rrrrr', '2019-05-02'),
	(511, '1234', '닐리리야', '닐리리야~~니나노', '뭐임뫄', '2019-05-03'),
	(512, '##', '##', '##', '##', '2019-05-03'),
	(513, '1234', '제발', '제발요', '플리즈', '2019-05-03'),
	(514, '1234', '토토토토', '테테테', '테테테테테', '2019-05-03'),
	(516, 'kkk', 'kkk', 'kkk', 'kkk', '2019-05-03'),
	(517, '1234', '모모', '모모', '모모', '2019-05-03');
/*!40000 ALTER TABLE `board` ENABLE KEYS */;


-- 테이블 m2mall의 구조를 덤프합니다. board_comment
CREATE TABLE IF NOT EXISTS `board_comment` (
  `board_comment_no` int(10) NOT NULL AUTO_INCREMENT,
  `board_no` int(10) NOT NULL,
  `board_comment_content` varchar(500) NOT NULL,
  `board_comment_user` varchar(50) NOT NULL,
  `board_comment_pw` varchar(50) NOT NULL,
  PRIMARY KEY (`board_comment_no`),
  KEY `FK__board` (`board_no`),
  CONSTRAINT `FK__board` FOREIGN KEY (`board_no`) REFERENCES `board` (`board_no`)
) ENGINE=InnoDB AUTO_INCREMENT=21 DEFAULT CHARSET=utf8;

-- Dumping data for table m2mall.board_comment: ~6 rows (대략적)
/*!40000 ALTER TABLE `board_comment` DISABLE KEYS */;
INSERT INTO `board_comment` (`board_comment_no`, `board_no`, `board_comment_content`, `board_comment_user`, `board_comment_pw`) VALUES
	(4, 482, 'dididididi', '야야야', '0000'),
	(9, 350, 'yoyoyoyoyo', 'yoyoyo', 'yoyoyo'),
	(12, 503, 'fly me to the moon', 'ooo', 'aaaa'),
	(16, 511, '갸갹ㄱ갹', '0000', '1234'),
	(17, 511, '야', '왜', '1234'),
	(20, 507, '1234', '1234', '1234');
/*!40000 ALTER TABLE `board_comment` ENABLE KEYS */;


-- 테이블 m2mall의 구조를 덤프합니다. board_file
CREATE TABLE IF NOT EXISTS `board_file` (
  `board_file_no` int(10) NOT NULL AUTO_INCREMENT,
  `board_no` int(10) DEFAULT NULL,
  `board_file_origin_name` varchar(500) DEFAULT NULL,
  `board_file_save_name` varchar(500) DEFAULT NULL,
  `board_file_ext` varchar(50) DEFAULT NULL,
  `board_file_size` bigint(20) DEFAULT NULL,
  `board_file_type` varchar(100) DEFAULT NULL,
  PRIMARY KEY (`board_file_no`),
  KEY `FK1_board` (`board_no`),
  CONSTRAINT `FK1_board` FOREIGN KEY (`board_no`) REFERENCES `board` (`board_no`)
) ENGINE=InnoDB AUTO_INCREMENT=18 DEFAULT CHARSET=utf8;

-- Dumping data for table m2mall.board_file: ~7 rows (대략적)
/*!40000 ALTER TABLE `board_file` DISABLE KEYS */;
INSERT INTO `board_file` (`board_file_no`, `board_no`, `board_file_origin_name`, `board_file_save_name`, `board_file_ext`, `board_file_size`, `board_file_type`) VALUES
	(10, 503, '33333', 'b05ccd0c922244ad91f64ed49d668272', 'zip', 90475, 'application/x-zip-compressed'),
	(11, 506, '33333', '32de732e76f34f49be69c1254bab0162', 'zip', 90475, 'application/x-zip-compressed'),
	(13, 511, 'm2mall', 'aeed411ee4374bf9845aab64c3c7f3bb', 'sql', 105800, 'application/octet-stream'),
	(14, 512, '20190446298-00_1556274224101_제안요청서(수정)', '3d01e76477e542b09b0df5bbeb92518a', 'hwp', 91136, 'application/haansofthwp'),
	(15, 513, 'kimyuna', '31d6ca0c9b624c98b28f0f1651855f1c', 'jpg', 61897, 'image/jpeg'),
	(16, 514, 'tb_goods', 'b7fcc91ad0cd491a87c8f74c5fc3407c', 'txt', 4004, 'text/plain'),
	(17, 517, '0503_001', '0d4be1aaa747444c96986e68e896e3f1', 'jpg', 204575, 'image/jpeg');
/*!40000 ALTER TABLE `board_file` ENABLE KEYS */;


-- 테이블 m2mall의 구조를 덤프합니다. cart
CREATE TABLE IF NOT EXISTS `cart` (
  `cart_no` int(11) NOT NULL AUTO_INCREMENT,
  `member_no` int(11) NOT NULL,
  `product_no` int(11) NOT NULL,
  `cart_count` int(11) NOT NULL,
  PRIMARY KEY (`cart_no`),
  KEY `fk_cart_product_no_idx` (`product_no`),
  KEY `fk_cart_member_no_idx` (`member_no`),
  CONSTRAINT `fk_cart_member_no` FOREIGN KEY (`member_no`) REFERENCES `member` (`member_no`),
  CONSTRAINT `fk_cart_product_no` FOREIGN KEY (`product_no`) REFERENCES `product` (`product_no`)
) ENGINE=InnoDB DEFAULT CHARSET=utf8;

-- Dumping data for table m2mall.cart: ~0 rows (대략적)
/*!40000 ALTER TABLE `cart` DISABLE KEYS */;
/*!40000 ALTER TABLE `cart` ENABLE KEYS */;


-- 테이블 m2mall의 구조를 덤프합니다. category
CREATE TABLE IF NOT EXISTS `category` (
  `category_no` int(11) NOT NULL AUTO_INCREMENT,
  `category_name` varchar(45) NOT NULL,
  PRIMARY KEY (`category_no`)
) ENGINE=InnoDB AUTO_INCREMENT=9 DEFAULT CHARSET=utf8;

-- Dumping data for table m2mall.category: ~7 rows (대략적)
/*!40000 ALTER TABLE `category` DISABLE KEYS */;
INSERT INTO `category` (`category_no`, `category_name`) VALUES
	(1, '소설'),
	(2, '에세이'),
	(3, '어린이'),
	(4, '요리'),
	(5, 'IT모바일'),
	(6, '시'),
	(8, '역사');
/*!40000 ALTER TABLE `category` ENABLE KEYS */;


-- 테이블 m2mall의 구조를 덤프합니다. member
CREATE TABLE IF NOT EXISTS `member` (
  `member_no` int(11) NOT NULL AUTO_INCREMENT,
  `member_id` varchar(45) NOT NULL,
  `member_pw` varchar(45) NOT NULL,
  `member_name` varchar(45) NOT NULL,
  `member_phone` varchar(45) NOT NULL,
  `member_address` varchar(45) NOT NULL,
  `member_gender` varchar(45) NOT NULL,
  `member_level` varchar(45) NOT NULL,
  `member_email` varchar(45) NOT NULL,
  PRIMARY KEY (`member_no`),
  UNIQUE KEY `member_id` (`member_id`)
) ENGINE=InnoDB AUTO_INCREMENT=550 DEFAULT CHARSET=utf8;

-- Dumping data for table m2mall.member: ~13 rows (대략적)
/*!40000 ALTER TABLE `member` DISABLE KEYS */;
INSERT INTO `member` (`member_no`, `member_id`, `member_pw`, `member_name`, `member_phone`, `member_address`, `member_gender`, `member_level`, `member_email`) VALUES
	(532, 'id_001', '1234', '박사장', '010-0000-0000', '덕진공원1번벤치', 'M', 'employee', 'hyeonjura@gmail.com'),
	(533, 'id_002', '1234', '김회원', '010-1111-0002', '덕진공원2번벤치', 'M', 'customer', 'hyeonjura@gmail.com'),
	(534, 'id_003', '1234', '박회원', '010-1111-0003', '덕진공원3번벤치', 'M', 'customer', 'hyeonjura@gmail.com'),
	(535, 'id_004', '1234', '신회원', '010-1111-0004', '덕진공원4번벤치', 'F', 'customer', 'hyeonjura@gmail.com'),
	(536, 'id_005', '1234', '권회원', '010-1111-0005', '덕진공원5번벤치', 'F', 'customer', 'hyeonjura@gmail.com'),
	(537, 'id_006', '1234', '김사원', '010-0000-0006', '덕진공원6번벤치', 'M', 'employee', 'hyeonjura@gmail.com'),
	(538, 'id_007', '1234', '탁사원', '010-0000-0007', '덕진공원7번벤치', 'F', 'employee', 'hyeonjura@gmail.com'),
	(539, 'id_008', '1234', '황사원', '010-0000-0008', '덕진공원8번벤치', 'M', 'employee', 'hyeonjura@gmail.com'),
	(540, 'id_009', '1234', '송회원', '010-1111-0009', '덕진공원9번벤치', 'M', 'customer', 'hyeonjura@gmail.com'),
	(541, 'id_010', '1234', '손사원', '010-0000-0010', '덕진공원10번벤치', 'M', 'employee', 'hyeonjura@gmail.com'),
	(542, 'babo1', '09baba', '김영구', '010-0909-0909', '띠리리리리리', 'M', 'customer', 'hyeonjura@gmail.com'),
	(546, '99999999', '99999999', '99999999', '99999999', '99999999', '99999999', '99999999', 'hyeonjura@gmail.com'),
	(549, '777', '123', '777', '777', '777', 'M', 'customer', 'hyeonjura@gmail.com');
/*!40000 ALTER TABLE `member` ENABLE KEYS */;


-- 테이블 m2mall의 구조를 덤프합니다. memberid
CREATE TABLE IF NOT EXISTS `memberid` (
  `member_id` varchar(45) NOT NULL,
  `member_in_date` date NOT NULL,
  `member_out_date` date DEFAULT NULL,
  PRIMARY KEY (`member_id`)
) ENGINE=InnoDB DEFAULT CHARSET=utf8;

-- Dumping data for table m2mall.memberid: ~15 rows (대략적)
/*!40000 ALTER TABLE `memberid` DISABLE KEYS */;
INSERT INTO `memberid` (`member_id`, `member_in_date`, `member_out_date`) VALUES
	('777', '2019-05-10', '0000-00-00'),
	('888888', '2019-05-10', '0000-00-00'),
	('babo1', '2019-05-10', '0000-00-00'),
	('id_001', '2019-05-01', '0000-00-00'),
	('id_002', '2019-05-01', '0000-00-00'),
	('id_003', '2019-05-01', '0000-00-00'),
	('id_004', '2019-05-01', '0000-00-00'),
	('id_005', '2019-05-01', '0000-00-00'),
	('id_006', '2019-05-01', '0000-00-00'),
	('id_007', '2019-05-01', '0000-00-00'),
	('id_008', '2019-05-01', '0000-00-00'),
	('id_009', '2019-05-01', '0000-00-00'),
	('id_010', '2019-05-01', '0000-00-00'),
	('new_new', '2019-05-10', '0000-00-00'),
	('uiop', '2019-05-10', '0000-00-00');
/*!40000 ALTER TABLE `memberid` ENABLE KEYS */;


-- 테이블 m2mall의 구조를 덤프합니다. member_consumer
CREATE TABLE IF NOT EXISTS `member_consumer` (
  `member_no` int(11) NOT NULL,
  `member_consumer_date_of_birth` varchar(45) NOT NULL,
  PRIMARY KEY (`member_no`),
  CONSTRAINT `fk_member_consumer_member_no` FOREIGN KEY (`member_no`) REFERENCES `member` (`member_no`)
) ENGINE=InnoDB DEFAULT CHARSET=utf8;

-- Dumping data for table m2mall.member_consumer: ~0 rows (대략적)
/*!40000 ALTER TABLE `member_consumer` DISABLE KEYS */;
/*!40000 ALTER TABLE `member_consumer` ENABLE KEYS */;


-- 테이블 m2mall의 구조를 덤프합니다. member_employee
CREATE TABLE IF NOT EXISTS `member_employee` (
  `member_no` int(11) NOT NULL,
  `member_employee_rank` varchar(45) NOT NULL,
  PRIMARY KEY (`member_no`),
  CONSTRAINT `fk_member_employee_member_no` FOREIGN KEY (`member_no`) REFERENCES `member` (`member_no`)
) ENGINE=InnoDB DEFAULT CHARSET=utf8;

-- Dumping data for table m2mall.member_employee: ~0 rows (대략적)
/*!40000 ALTER TABLE `member_employee` DISABLE KEYS */;
/*!40000 ALTER TABLE `member_employee` ENABLE KEYS */;


-- 테이블 m2mall의 구조를 덤프합니다. orders
CREATE TABLE IF NOT EXISTS `orders` (
  `orders_no` int(11) NOT NULL AUTO_INCREMENT,
  `member_no` int(11) NOT NULL,
  `orders_total_price` int(11) NOT NULL,
  `orders_date` date NOT NULL,
  `orders_phone` varchar(45) NOT NULL,
  `orders_address` varchar(45) NOT NULL,
  `payment_state` varchar(45) NOT NULL,
  PRIMARY KEY (`orders_no`),
  KEY `fk_orders_member_no_idx` (`member_no`),
  CONSTRAINT `fk_orders_member_no` FOREIGN KEY (`member_no`) REFERENCES `member` (`member_no`)
) ENGINE=InnoDB DEFAULT CHARSET=utf8;

-- Dumping data for table m2mall.orders: ~0 rows (대략적)
/*!40000 ALTER TABLE `orders` DISABLE KEYS */;
/*!40000 ALTER TABLE `orders` ENABLE KEYS */;


-- 테이블 m2mall의 구조를 덤프합니다. orders_product
CREATE TABLE IF NOT EXISTS `orders_product` (
  `orders_product_no` int(11) NOT NULL AUTO_INCREMENT,
  `member_no` int(11) NOT NULL,
  `product_no` int(11) NOT NULL,
  `orders_product_price` int(11) NOT NULL,
  `orders_product_count` int(11) NOT NULL,
  `orders_no` int(11) NOT NULL,
  PRIMARY KEY (`orders_product_no`),
  KEY `fk_order_product_product_no_idx` (`product_no`),
  KEY `fk_orders_product_orders_no_idx` (`orders_no`),
  KEY `fk_orders_product_orders_product_idx` (`member_no`),
  CONSTRAINT `fk_orders_product_orders_no` FOREIGN KEY (`orders_no`) REFERENCES `orders` (`orders_no`),
  CONSTRAINT `fk_orders_product_orders_product` FOREIGN KEY (`member_no`) REFERENCES `member` (`member_no`),
  CONSTRAINT `fk_orders_product_product_no` FOREIGN KEY (`product_no`) REFERENCES `product` (`product_no`)
) ENGINE=InnoDB DEFAULT CHARSET=utf8;

-- Dumping data for table m2mall.orders_product: ~0 rows (대략적)
/*!40000 ALTER TABLE `orders_product` DISABLE KEYS */;
/*!40000 ALTER TABLE `orders_product` ENABLE KEYS */;


-- 테이블 m2mall의 구조를 덤프합니다. payment
CREATE TABLE IF NOT EXISTS `payment` (
  `payment_no` int(11) NOT NULL AUTO_INCREMENT,
  `orders_no` int(11) NOT NULL,
  `member_no` int(11) NOT NULL,
  `payment_date` date NOT NULL,
  `payment_method` varchar(45) NOT NULL,
  PRIMARY KEY (`payment_no`),
  KEY `fk_payment_orders_no_idx` (`orders_no`),
  KEY `fk_payemnt_member_no_idx` (`member_no`),
  CONSTRAINT `fk_payemnt_member_no` FOREIGN KEY (`member_no`) REFERENCES `member` (`member_no`),
  CONSTRAINT `fk_payment_orders_no` FOREIGN KEY (`orders_no`) REFERENCES `orders` (`orders_no`)
) ENGINE=InnoDB DEFAULT CHARSET=utf8;

-- Dumping data for table m2mall.payment: ~0 rows (대략적)
/*!40000 ALTER TABLE `payment` DISABLE KEYS */;
/*!40000 ALTER TABLE `payment` ENABLE KEYS */;


-- 테이블 m2mall의 구조를 덤프합니다. product
CREATE TABLE IF NOT EXISTS `product` (
  `product_no` int(11) NOT NULL AUTO_INCREMENT,
  `product_common_no` int(11) NOT NULL,
  `product_color` varchar(45) NOT NULL,
  `product_size` varchar(45) NOT NULL,
  `product_stock` int(11) NOT NULL,
  PRIMARY KEY (`product_no`),
  KEY `fk_product_product_common_no_idx` (`product_common_no`),
  CONSTRAINT `fk_product_product_common_no` FOREIGN KEY (`product_common_no`) REFERENCES `product_common` (`product_common_no`)
) ENGINE=InnoDB AUTO_INCREMENT=3 DEFAULT CHARSET=utf8;

-- Dumping data for table m2mall.product: ~2 rows (대략적)
/*!40000 ALTER TABLE `product` DISABLE KEYS */;
INSERT INTO `product` (`product_no`, `product_common_no`, `product_color`, `product_size`, `product_stock`) VALUES
	(1, 1, 'white', '100', 1000),
	(2, 1, 'black', '100', 500);
/*!40000 ALTER TABLE `product` ENABLE KEYS */;


-- 테이블 m2mall의 구조를 덤프합니다. product_common
CREATE TABLE IF NOT EXISTS `product_common` (
  `product_common_no` int(11) NOT NULL AUTO_INCREMENT,
  `category_no` int(11) NOT NULL,
  `product_common_name` varchar(200) NOT NULL,
  `product_common_price` int(11) NOT NULL,
  `product_common_description` varchar(200) NOT NULL,
  `product_common_date` date NOT NULL,
  PRIMARY KEY (`product_common_no`),
  KEY `fk_product_common_category_no_idx` (`category_no`),
  CONSTRAINT `fk_product_common_category_no` FOREIGN KEY (`category_no`) REFERENCES `category` (`category_no`)
) ENGINE=InnoDB AUTO_INCREMENT=499 DEFAULT CHARSET=utf8;

-- Dumping data for table m2mall.product_common: ~421 rows (대략적)
/*!40000 ALTER TABLE `product_common` DISABLE KEYS */;
INSERT INTO `product_common` (`product_common_no`, `category_no`, `product_common_name`, `product_common_price`, `product_common_description`, `product_common_date`) VALUES
	(1, 1, 'HarryPotter', 10000, '판타지', '2019-05-13'),
	(2, 1, '운수 좋은 날', 10000, '현대소설', '2019-05-14'),
	(3, 2, 'Twilight of the Ice Nymphs', 20000, 'Fantasy', '2019-05-01'),
	(4, 3, 'Lilla Jönssonligan på styva linan', 7000, '(no genres listed)', '2019-03-30'),
	(5, 6, 'Company Man', 27000, 'Comedy', '2019-04-16'),
	(6, 2, 'Franz Kafka\'s a Country Doctor', 7000, 'Animation|Drama', '2019-05-03'),
	(7, 6, 'Three Days (Tres días)', 20000, 'Crime|Drama|Fantasy', '2019-03-28'),
	(8, 4, 'Cinderella Story, A', 10000, 'Comedy|Romance', '2019-04-27'),
	(9, 2, 'Dancing Outlaw II: Jesco Goes to Hollywood', 27000, 'Documentary', '2019-03-20'),
	(10, 8, 'Pope of Greenwich Village, The', 15000, 'Drama', '2019-05-10'),
	(12, 6, 'Kotch', 10000, 'Comedy|Drama', '2019-04-25'),
	(14, 4, 'January Man, The', 27000, 'Comedy|Crime|Mystery|Thriller', '2019-02-24'),
	(15, 6, 'Karlsson Brothers (Bröderna Karlsson)', 20000, 'Comedy|Drama', '2019-04-25'),
	(16, 1, 'Our Blushing Brides', 20000, 'Drama', '2019-03-21'),
	(17, 4, 'Samurai Vendetta', 7000, 'Action|Drama', '2019-03-30'),
	(18, 4, 'Bridge, The (Most)', 15000, 'Drama', '2019-04-11'),
	(19, 2, 'Saw V', 15000, 'Crime|Horror|Thriller', '2019-05-12'),
	(20, 4, 'Latter Days', 27000, 'Comedy|Drama|Romance', '2019-05-12'),
	(22, 8, 'Tender Hook, The (Boxer and the Bombshell, The)', 27000, 'Crime|Drama|Mystery', '2019-02-19'),
	(23, 5, 'Champion', 27000, 'Drama|Film-Noir|Romance', '2019-03-05'),
	(24, 8, 'Monument Ave.', 20000, 'Action|Crime|Drama', '2019-05-06'),
	(25, 4, 'RoboCop', 20000, 'Action|Crime|Drama|Sci-Fi|Thriller', '2019-02-09'),
	(26, 8, 'Paris Is Burning', 20000, 'Documentary', '2019-02-15'),
	(27, 1, 'Sordid Lives', 15000, 'Comedy', '2019-05-09'),
	(28, 1, 'Brian\'s Song', 27000, 'Drama', '2019-04-03'),
	(29, 3, 'Offence, The', 7000, 'Crime|Drama|Mystery', '2019-03-19'),
	(30, 5, 'My Neighbors the Yamadas (Hôhokekyo tonari no Yamada-kun)', 20000, 'Animation|Comedy', '2019-02-28'),
	(31, 2, 'Geek Charming', 10000, 'Comedy', '2019-03-14'),
	(32, 4, '1991: The Year Punk Broke', 10000, 'Documentary', '2019-04-15'),
	(33, 8, 'Never Sleep Again: The Elm Street Legacy', 15000, 'Documentary', '2019-03-27'),
	(34, 8, 'Noam Chomsky: Distorted Morality', 10000, 'Documentary', '2019-02-20'),
	(35, 6, 'Moulin Rouge', 7000, 'Drama', '2019-04-03'),
	(37, 8, 'Pusher', 27000, 'Crime|Thriller', '2019-04-29'),
	(39, 8, 'Mommie Dearest', 15000, 'Drama', '2019-02-20'),
	(40, 5, 'Mosquito Net, The (La mosquitera)', 10000, 'Drama', '2019-03-04'),
	(41, 3, 'Grace', 7000, 'Horror|Thriller', '2019-04-01'),
	(43, 5, 'Priest', 15000, 'Drama', '2019-03-07'),
	(44, 6, 'Babysitting', 20000, 'Comedy', '2019-05-02'),
	(47, 4, 'High Strung', 20000, 'Comedy', '2019-04-10'),
	(48, 2, 'Django', 27000, 'Western', '2019-02-28'),
	(49, 2, 'Welcome to the Rileys', 20000, 'Drama', '2019-05-12'),
	(50, 8, 'Dragon Ball: Mystical Adventure (Doragon bôru: Makafushigi dai bôken)', 20000, 'Action|Adventure|Animation|Children', '2019-04-24'),
	(52, 5, 'Unknown', 15000, 'Drama|Mystery|Thriller', '2019-05-06'),
	(54, 1, 'Boys, Les', 27000, 'Comedy', '2019-05-05'),
	(55, 4, 'Chalet Girl', 7000, 'Comedy|Romance', '2019-03-17'),
	(56, 2, 'Reflecting Skin, The', 15000, 'Drama|Horror|Thriller', '2019-04-02'),
	(57, 5, 'Desperate Hours', 27000, 'Crime|Drama|Thriller', '2019-03-20'),
	(58, 8, 'Judge Priest', 10000, 'Comedy|Drama|Romance', '2019-04-07'),
	(59, 5, 'Blitz', 27000, 'Action|Crime|Thriller', '2019-04-09'),
	(60, 4, 'L\'instant et la patience ', 7000, 'Documentary', '2019-04-12'),
	(61, 4, 'Rent', 20000, 'Drama|Musical|Romance', '2019-05-01'),
	(62, 5, 'La cravate', 27000, '(no genres listed)', '2019-05-11'),
	(63, 4, 'Electile Dysfunction', 7000, 'Documentary', '2019-05-02'),
	(64, 8, 'Tentacles (Tentacoli)', 27000, 'Horror|Sci-Fi|Thriller', '2019-03-11'),
	(65, 4, 'Good Neighbours (a.k.a. Good Neighbors)', 27000, 'Crime|Thriller', '2019-05-11'),
	(66, 8, 'Rocky Balboa', 7000, 'Action|Drama', '2019-02-02'),
	(67, 3, 'To Faro (Mein Freund aus Faro)', 7000, 'Drama', '2019-03-05'),
	(68, 8, 'Overnighters, The', 7000, 'Documentary|Drama', '2019-01-31'),
	(69, 1, 'Missing Star, The (La stella che non c\'è)', 10000, 'Drama', '2019-02-15'),
	(71, 5, 'Maybe Baby', 7000, 'Comedy|Romance', '2019-02-14'),
	(72, 4, 'Deconstructing Harry', 20000, 'Comedy|Drama', '2019-05-08'),
	(73, 6, 'Sylvia', 10000, 'Drama|Romance', '2019-03-17'),
	(74, 2, 'Children of the Night', 10000, 'Horror', '2019-04-17'),
	(75, 6, 'Problem Child 2', 27000, 'Comedy', '2019-02-03'),
	(76, 8, 'The Boy', 15000, '(no genres listed)', '2019-05-08'),
	(77, 1, 'Ollie Hopnoodle\'s Haven of Bliss', 7000, 'Children|Comedy', '2019-03-14'),
	(78, 2, 'Heathers', 15000, 'Comedy', '2019-03-29'),
	(80, 8, 'Kingdom of Shadows', 7000, 'Documentary', '2019-05-06'),
	(82, 3, 'Brothers: The Return', 15000, 'Crime|Drama|Thriller', '2019-03-25'),
	(83, 5, 'Artist, The', 10000, 'Drama|Romance', '2019-02-10'),
	(84, 3, 'Rocky Saga: Going the Distance, The', 10000, 'Documentary', '2019-04-25'),
	(85, 6, 'Soul of a Man, The', 10000, 'Documentary|Musical', '2019-04-13'),
	(86, 1, 'Rope', 15000, 'Crime|Drama|Thriller', '2019-02-05'),
	(87, 5, 'Antichrist', 20000, 'Drama|Fantasy', '2019-05-02'),
	(88, 2, 'Allegheny Uprising', 27000, 'Action|Adventure|Western', '2019-02-25'),
	(89, 2, 'Crew, The', 10000, 'Action|Crime|Drama|Thriller', '2019-04-15'),
	(90, 8, 'Signal, The', 27000, 'Horror|Sci-Fi|Thriller', '2019-03-11'),
	(91, 5, 'From Hell It Came', 10000, 'Horror', '2019-05-11'),
	(92, 4, 'American Pie', 20000, 'Comedy|Romance', '2019-02-20'),
	(93, 2, 'Dark Blue', 15000, 'Action|Crime|Drama|Thriller', '2019-04-16'),
	(94, 8, 'Two Much', 10000, 'Comedy|Romance', '2019-03-07'),
	(95, 3, 'Force 10 from Navarone', 20000, 'Action|Drama|War', '2019-05-01'),
	(96, 3, 'Sin City: A Dame to Kill For', 10000, 'Action|Crime|Thriller', '2019-03-09'),
	(97, 8, 'Indian Summer (a.k.a. Alive & Kicking)', 7000, 'Comedy|Drama', '2019-02-19'),
	(98, 3, 'Louis C.K.: Live at The Comedy Store', 10000, 'Comedy', '2019-02-04'),
	(99, 2, 'Murphy\'s Law', 15000, 'Action', '2019-03-22'),
	(100, 1, 'Three Quarter Moon', 10000, 'Comedy|Drama', '2019-04-26'),
	(101, 2, 'Cow, The (Gaav)', 20000, 'Drama', '2019-04-13'),
	(102, 2, 'Miss Congeniality', 27000, 'Comedy|Crime', '2019-05-03'),
	(104, 1, 'Must Have Been Love', 15000, 'Drama|Romance', '2019-04-02'),
	(105, 5, 'Children of Men', 20000, 'Action|Adventure|Drama|Sci-Fi|Thriller', '2019-03-29'),
	(106, 1, 'Monterey Pop', 27000, 'Documentary|Musical', '2019-02-02'),
	(107, 1, 'Amy\'s O (a.k.a. Amy\'s Orgasm)', 20000, 'Comedy|Romance', '2019-02-21'),
	(108, 5, 'Whirlygirl', 10000, 'Drama|Romance', '2019-04-27'),
	(109, 1, 'xXx', 10000, 'Action|Crime|Thriller', '2019-04-24'),
	(110, 4, 'Mom\'s Night Out', 7000, 'Comedy', '2019-04-10'),
	(111, 1, 'Three Musketeers, The', 15000, 'Action|Adventure|Drama|Romance', '2019-03-03'),
	(112, 4, 'Elles', 27000, 'Drama', '2019-04-29'),
	(113, 2, 'Samaritan Girl (Samaria)', 10000, 'Drama', '2019-02-21'),
	(114, 1, 'Mood Indigo (L\'écume des jours)', 15000, 'Drama|Fantasy', '2019-02-16'),
	(115, 1, 'Revolt in the Fifth Dimension', 27000, 'Adventure|Animation|Children', '2019-05-06'),
	(116, 2, 'Remote Control', 27000, 'Comedy|Drama', '2019-03-05'),
	(118, 4, 'Iron Rose, The (Rose de fer, La)', 27000, 'Horror', '2019-02-12'),
	(119, 3, 'Faces of Death 4', 20000, 'Documentary|Horror', '2019-05-13'),
	(120, 5, 'Witch Way Love (Un amour de sorcière)', 7000, 'Comedy|Fantasy', '2019-04-18'),
	(121, 5, 'Endless Love', 27000, 'Drama|Romance', '2019-04-05'),
	(122, 5, 'Imagine I\'m Beautiful', 27000, 'Drama', '2019-02-27'),
	(124, 2, 'Hugh Hefner: Playboy, Activist and Rebel', 27000, 'Documentary', '2019-03-01'),
	(125, 5, 'Hawk the Slayer', 20000, 'Action|Fantasy', '2019-03-27'),
	(126, 2, 'Long Absence, The (Une aussi longue absence)', 27000, 'Drama', '2019-05-02'),
	(127, 5, 'Seventh Seal, The (Sjunde inseglet, Det)', 7000, 'Drama', '2019-02-12'),
	(129, 2, 'Landlord, The', 27000, 'Comedy|Drama', '2019-04-05'),
	(130, 5, 'Bullies', 15000, 'Action|Drama|Thriller', '2019-03-10'),
	(131, 3, 'Kiss Me (Kyss Mig)', 15000, 'Drama|Romance', '2019-03-31'),
	(132, 8, 'Zeitgeist: The Movie', 20000, 'Documentary|War', '2019-02-02'),
	(133, 6, 'Oversimplification of Her Beauty, An', 10000, 'Animation|Comedy|Drama|Romance', '2019-03-14'),
	(134, 3, 'Russia House, The', 20000, 'Drama|Thriller', '2019-03-23'),
	(135, 5, 'If You Could See What I Hear', 10000, 'Comedy|Drama|Romance', '2019-04-19'),
	(136, 2, 'American Friends', 20000, 'Drama|Romance', '2019-04-11'),
	(137, 8, 'Jazz Singer, The', 10000, 'Musical', '2019-02-05'),
	(138, 2, 'Mister Magoo\'s Christmas Carol', 20000, 'Animation|Children|Comedy|Drama|Fantasy|Musical', '2019-03-02'),
	(139, 3, 'Seeking Asian Female', 27000, 'Documentary', '2019-02-03'),
	(140, 2, 'Resurrection Man', 20000, 'Drama|Thriller', '2019-03-11'),
	(142, 1, 'War Dance', 20000, 'Documentary', '2019-04-14'),
	(143, 6, '40 Pounds of Trouble', 20000, 'Comedy', '2019-03-04'),
	(144, 6, 'Lonely Street', 15000, 'Comedy|Mystery', '2019-02-22'),
	(145, 2, 'The Great Scout & Cathouse Thursday', 7000, 'Action|Comedy|Western', '2019-05-09'),
	(146, 8, 'Wake', 10000, 'Comedy|Drama|Romance', '2019-02-16'),
	(147, 1, 'Idiot, The (Hakuchi)', 20000, 'Crime|Drama|Romance', '2019-03-30'),
	(148, 1, 'Special When Lit', 10000, 'Documentary', '2019-02-15'),
	(149, 4, 'Hugh Hefner: Playboy, Activist and Rebel', 15000, 'Documentary', '2019-03-12'),
	(150, 1, 'Cashback', 27000, 'Comedy|Drama', '2019-04-22'),
	(151, 3, 'Skin Game, The', 20000, 'Drama', '2019-02-07'),
	(152, 8, 'The Anomaly', 10000, 'Action|Sci-Fi|Thriller', '2019-04-12'),
	(153, 1, 'Jailbait', 10000, 'Crime|Drama|Thriller', '2019-03-12'),
	(155, 5, 'Lie, The', 27000, 'Drama', '2019-04-20'),
	(156, 6, 'Solid Gold Cadillac, The', 7000, 'Comedy', '2019-03-19'),
	(157, 2, 'Identity Thief', 20000, 'Comedy|Crime', '2019-02-25'),
	(158, 6, 'Saps at Sea', 15000, 'Comedy', '2019-04-06'),
	(159, 1, 'Zombieland', 15000, 'Action|Comedy|Horror', '2019-05-10'),
	(161, 6, 'The Day That Lasted 21 Years', 27000, 'Documentary', '2019-03-03'),
	(162, 6, 'Winter of Frozen Dreams', 10000, 'Crime|Drama', '2019-04-19'),
	(163, 6, 'THX 1138', 15000, 'Action|Adventure|Drama|Sci-Fi', '2019-05-04'),
	(164, 6, 'Dangerous', 15000, 'Drama', '2019-03-22'),
	(166, 4, 'Trauma', 10000, 'Horror|Mystery|Thriller', '2019-02-10'),
	(168, 6, 'The Suspicious Death of a Minor', 27000, 'Comedy|Crime|Thriller', '2019-03-03'),
	(169, 3, 'Flight of the Phoenix', 10000, 'Action|Adventure', '2019-02-15'),
	(170, 2, 'Bunraku', 7000, 'Action|Drama|Fantasy', '2019-02-23'),
	(171, 6, 'Don Jon', 10000, 'Comedy|Drama|Romance', '2019-03-01'),
	(172, 6, 'Hunchback of Notre Dame, The', 10000, 'Drama|Horror', '2019-04-30'),
	(173, 6, 'Devil, The (Diabel)', 10000, 'Drama|Horror', '2019-04-15'),
	(174, 8, 'Mammuth', 7000, 'Comedy|Drama', '2019-05-06'),
	(175, 4, 'Elephants Dream', 7000, 'Animation|Fantasy|Sci-Fi', '2019-03-19'),
	(176, 5, 'City of Ember', 20000, 'Adventure|Children|Sci-Fi', '2019-03-12'),
	(177, 8, 'Metalhead (Málmhaus)', 7000, 'Drama', '2019-04-17'),
	(178, 4, 'That Forsyte Woman', 7000, 'Drama|Romance', '2019-04-07'),
	(179, 2, 'That Hagen Girl', 10000, 'Drama', '2019-02-23'),
	(180, 6, 'The Incident', 20000, 'Drama', '2019-04-22'),
	(181, 2, 'Walkabout', 7000, 'Adventure|Drama', '2019-04-21'),
	(182, 5, 'Imagine: John Lennon', 15000, 'Documentary', '2019-03-17'),
	(183, 6, '8:46', 27000, 'Drama', '2019-02-16'),
	(184, 3, 'Tuskegee Airmen, The', 20000, 'Drama|War', '2019-04-02'),
	(185, 6, 'Flypaper', 20000, 'Comedy|Crime', '2019-02-16'),
	(186, 5, 'Blade Runner', 20000, 'Action|Sci-Fi|Thriller', '2019-03-28'),
	(187, 2, 'Goebbels Experiment, The (Das Goebbels Experiment)', 27000, 'Documentary', '2019-03-29'),
	(189, 1, 'Targets', 7000, 'Crime|Thriller', '2019-03-23'),
	(190, 4, 'Baton Rouge (Bâton rouge)', 10000, 'Thriller', '2019-04-05'),
	(191, 1, 'Count Three and Pray', 15000, 'Drama|Western', '2019-04-30'),
	(192, 8, 'Van Helsing', 27000, 'Action|Adventure|Fantasy|Horror', '2019-02-01'),
	(193, 8, 'How I Killed My Father (a.k.a. My Father and I) (Comment j\'ai tué mon Père)', 27000, 'Drama', '2019-04-07'),
	(194, 6, 'Entity', 20000, 'Drama|Horror|Thriller', '2019-04-25'),
	(195, 6, 'Farmer & Chase', 27000, 'Comedy', '2019-02-09'),
	(196, 8, 'Rhinoceros', 10000, 'Comedy|Drama|Fantasy|Mystery|Romance', '2019-04-12'),
	(197, 5, 'You Can\'t Win \'Em All', 20000, 'Adventure|Comedy|War', '2019-03-19'),
	(198, 3, 'G.I. Joe: The Rise of Cobra', 20000, 'Action|Adventure|Sci-Fi|Thriller', '2019-03-02'),
	(199, 3, '22 Jump Street', 7000, 'Action|Comedy|Crime', '2019-05-13'),
	(200, 8, 'Thirteen', 15000, 'Drama', '2019-02-26'),
	(202, 5, 'Gitmo', 27000, 'Documentary', '2019-02-20'),
	(203, 8, 'Earth', 20000, 'Documentary', '2019-03-01'),
	(204, 6, 'Maid of Salem', 10000, 'Drama', '2019-03-16'),
	(207, 8, 'Familie, En', 27000, 'Drama', '2019-02-23'),
	(208, 2, 'My Name Is Julia Ross', 7000, 'Drama|Film-Noir|Mystery', '2019-05-11'),
	(209, 8, 'Wrong Arm of the Law, The', 20000, 'Comedy|Crime', '2019-05-11'),
	(210, 5, 'Shameless (Maskeblomstfamilien )', 10000, 'Drama', '2019-03-09'),
	(211, 1, 'Showrunners: The Art of Running a TV Show', 10000, 'Documentary', '2019-04-04'),
	(212, 4, 'Jim Gaffigan: Mr. Universe', 7000, 'Comedy', '2019-02-21'),
	(213, 2, 'Little Miss Sunshine', 20000, 'Adventure|Comedy|Drama', '2019-04-16'),
	(214, 6, 'Notting Hill', 20000, 'Comedy|Romance', '2019-02-07'),
	(215, 2, 'Palermo Shooting', 7000, 'Drama', '2019-02-19'),
	(216, 3, 'Where\'s Poppa?', 27000, 'Comedy', '2019-04-11'),
	(217, 6, 'Valerie', 27000, 'Drama', '2019-05-06'),
	(218, 2, 'Since You Went Away', 15000, 'Drama|War', '2019-05-01'),
	(219, 6, 'Disfigured', 27000, 'Drama', '2019-03-08'),
	(220, 6, 'Extraterrestrial (Extraterrestre)', 10000, 'Comedy|Drama|Sci-Fi', '2019-02-24'),
	(222, 6, 'Magic Town', 7000, 'Comedy|Romance', '2019-04-21'),
	(223, 3, 'Miami Rhapsody', 27000, 'Comedy', '2019-02-20'),
	(225, 3, '180° South (180 Degrees South) (180° South: Conquerors of the Useless)', 10000, 'Documentary|Drama', '2019-04-26'),
	(226, 5, 'Babe, The', 7000, 'Drama', '2019-03-19'),
	(228, 8, 'Comic-Con Episode IV: A Fan\'s Hope', 27000, 'Documentary', '2019-03-03'),
	(229, 6, 'Blade on the Feather (Deep Cover)', 10000, 'Mystery', '2019-04-07'),
	(230, 1, 'Banshee Chapter, The', 7000, 'Horror|Thriller', '2019-04-26'),
	(231, 4, 'Blind Alley', 20000, 'Crime', '2019-02-10'),
	(232, 4, 'Better Luck Tomorrow', 20000, 'Crime|Drama', '2019-05-08'),
	(233, 2, 'Keith', 10000, 'Drama|Romance', '2019-03-17'),
	(235, 2, 'Blue Juice', 27000, 'Comedy|Drama', '2019-04-02'),
	(236, 2, 'Kink', 27000, 'Documentary', '2019-02-08'),
	(238, 5, 'Scarecrow', 27000, 'Drama', '2019-04-22'),
	(239, 2, 'Carpenter, The', 27000, 'Horror|Thriller', '2019-04-12'),
	(240, 8, 'Detropia', 15000, 'Documentary', '2019-03-13'),
	(242, 2, 'Made in Jamaica', 10000, 'Documentary', '2019-02-11'),
	(243, 1, 'Walker, The', 15000, 'Drama|Mystery', '2019-05-12'),
	(244, 1, 'Hell Town (Born to the West)', 27000, 'Romance|Western', '2019-03-30'),
	(246, 5, 'Walking on Sunshine', 7000, 'Musical|Romance', '2019-03-22'),
	(247, 3, 'Don\'t Change Your Husband', 27000, 'Comedy', '2019-04-15'),
	(248, 3, 'Ring of Terror', 10000, 'Horror', '2019-03-07'),
	(249, 6, 'Raw Meat (Death Line)', 7000, 'Horror', '2019-02-14'),
	(251, 2, 'Clockwise', 20000, 'Comedy', '2019-02-04'),
	(254, 8, 'Chocolate Soldier, The', 27000, 'Comedy|Musical', '2019-02-09'),
	(255, 2, 'Unknown', 20000, 'Drama|Mystery|Thriller', '2019-03-17'),
	(256, 3, 'Roman', 27000, 'Drama|Thriller', '2019-03-26'),
	(257, 2, 'How to Irritate People', 10000, 'Comedy', '2019-04-18'),
	(258, 4, 'Brice Man, The (Brice de Nice)', 20000, 'Comedy', '2019-03-12'),
	(259, 3, 'Rid of Me', 15000, 'Comedy|Drama|Romance', '2019-03-28'),
	(260, 8, '10.5', 20000, 'Action|Drama', '2019-04-17'),
	(261, 2, 'Chaos (Kaosu)', 20000, 'Crime|Mystery|Thriller', '2019-04-27'),
	(262, 5, 'Agony and the Ecstasy, The', 27000, 'Drama', '2019-04-08'),
	(263, 4, 'Batman Begins', 27000, 'Action|Crime|IMAX', '2019-02-18'),
	(264, 2, 'Princess Caraboo', 7000, 'Drama', '2019-04-09'),
	(265, 1, 'Mr. Hobbs Takes a Vacation', 27000, 'Comedy', '2019-04-25'),
	(266, 3, 'Passion in the Desert', 10000, 'Adventure|Drama', '2019-02-07'),
	(267, 4, 'Storm Warriors, The (Fung wan II)', 7000, 'Action|Adventure|Fantasy', '2019-02-24'),
	(268, 3, 'Captive, The (La captive)', 20000, 'Drama|Romance', '2019-03-15'),
	(269, 6, 'Atalante, L\'', 10000, 'Comedy|Drama|Romance', '2019-02-25'),
	(271, 2, 'Sapphire', 20000, 'Crime|Drama|Mystery|Thriller', '2019-02-11'),
	(272, 2, 'Asterix in Britain (Astérix chez les Bretons)', 20000, 'Adventure|Animation|Children|Comedy', '2019-03-08'),
	(273, 4, 'Glengarry Glen Ross', 27000, 'Drama', '2019-02-02'),
	(274, 3, 'Mystic Pizza', 27000, 'Comedy|Drama|Romance', '2019-03-16'),
	(275, 1, 'Printed Rainbow', 15000, 'Adventure|Animation|Fantasy', '2019-03-24'),
	(276, 5, 'Richard III', 27000, 'Drama|War', '2019-02-26'),
	(277, 5, 'Aladin', 20000, 'Comedy|Fantasy|Musical|Romance', '2019-04-03'),
	(278, 5, 'Myn Bala: Warriors of the Steppe', 27000, 'Action|Adventure|Drama', '2019-02-28'),
	(280, 5, 'Go Figure (Va savoir)', 27000, 'Comedy|Drama|Romance', '2019-01-31'),
	(282, 5, 'Little Boy Blue', 10000, 'Drama', '2019-05-08'),
	(283, 6, 'Crackerjack', 7000, 'Action', '2019-03-06'),
	(284, 2, 'DOA: Dead or Alive', 15000, 'Action|Adventure', '2019-02-08'),
	(286, 6, 'Sliver', 27000, 'Thriller', '2019-05-08'),
	(287, 2, 'Lipstick', 7000, 'Drama', '2019-04-07'),
	(288, 8, 'Killer\'s Kiss', 27000, 'Crime|Film-Noir', '2019-04-23'),
	(289, 6, 'First Beautiful Thing, The (La prima cosa bella)', 15000, 'Comedy|Drama', '2019-04-26'),
	(290, 1, 'Go, Go Second Time Virgin (Yuke yuke nidome no shojo)', 7000, 'Drama', '2019-02-21'),
	(291, 6, 'Semper Fi', 10000, 'Action|Drama', '2019-03-15'),
	(292, 5, 'Treasure Planet', 7000, 'Adventure|Animation|Children|Sci-Fi|IMAX', '2019-03-23'),
	(293, 8, 'Tanguy', 27000, 'Comedy', '2019-04-28'),
	(294, 2, 'Blood of a Poet, The (Sang d\'un poète, Le)', 7000, 'Drama|Fantasy', '2019-04-06'),
	(295, 5, 'Princess and the Pirate, The', 7000, 'Adventure|Comedy|Romance', '2019-03-25'),
	(296, 2, 'Crimetime', 10000, 'Thriller', '2019-03-04'),
	(297, 3, 'Romeo and Juliet', 15000, 'Drama|Romance', '2019-04-04'),
	(298, 1, 'Drive Me Crazy', 10000, 'Comedy|Romance', '2019-03-25'),
	(299, 3, 'Titanica', 15000, 'Documentary|IMAX', '2019-03-13'),
	(301, 4, 'Bigger, Stronger, Faster*', 27000, 'Documentary', '2019-03-08'),
	(302, 5, 'Lolita', 20000, 'Drama|Romance', '2019-03-03'),
	(303, 8, 'Creepshow 3', 7000, 'Horror', '2019-04-12'),
	(304, 4, 'Forbidden', 20000, 'Drama|Romance', '2019-03-17'),
	(305, 3, 'Immortals', 10000, 'Action|Drama|Fantasy', '2019-04-27'),
	(306, 4, 'Belle toujours', 20000, 'Drama', '2019-02-07'),
	(307, 8, 'Submarine', 27000, 'Action|Drama', '2019-02-16'),
	(308, 3, 'Tokyo Joe', 20000, 'Drama|Thriller', '2019-04-10'),
	(309, 8, 'Necessary Roughness', 20000, 'Comedy', '2019-03-31'),
	(310, 1, 'Hot Dog Program, A', 20000, 'Documentary', '2019-02-24'),
	(311, 2, 'Bananas', 10000, 'Comedy|War', '2019-04-11'),
	(312, 1, 'Guy Named Joe, A', 7000, 'Drama|Fantasy|Romance|War', '2019-05-10'),
	(313, 3, 'Back Stage', 27000, 'Documentary', '2019-02-24'),
	(314, 3, 'Loners (Samotári)', 27000, 'Drama', '2019-03-07'),
	(316, 6, 'Red Obession', 20000, 'Documentary', '2019-04-10'),
	(317, 2, 'Hippie Revolution, The', 10000, 'Documentary', '2019-03-07'),
	(318, 2, 'Blue Car', 15000, 'Drama', '2019-04-13'),
	(319, 5, 'Motel Hell', 7000, 'Comedy|Horror', '2019-04-27'),
	(320, 3, 'Fuga de cerebros', 7000, 'Comedy', '2019-04-24'),
	(321, 6, 'Unholy Three, The', 10000, 'Crime|Drama|Romance', '2019-02-18'),
	(322, 4, 'Demetrius and the Gladiators', 27000, 'Drama', '2019-05-09'),
	(323, 2, 'Love Letters', 10000, 'Drama|Mystery|Romance', '2019-04-06'),
	(324, 8, 'The Remaining', 15000, 'Horror|Thriller', '2019-03-03'),
	(325, 4, 'My Side of the Mountain', 7000, 'Adventure|Children', '2019-05-06'),
	(326, 6, 'Graffiti Bridge', 7000, 'Drama|Musical', '2019-02-18'),
	(327, 5, 'Dr. Moreau\'s House of Pain', 10000, 'Horror', '2019-04-01'),
	(328, 1, 'Gods Must Be Crazy III, The (a.k.a. Crazy Safari) (Fei zhou he shang)', 7000, 'Comedy|Fantasy', '2019-04-22'),
	(329, 4, 'Switch', 10000, 'Comedy|Crime|Fantasy', '2019-05-10'),
	(330, 5, 'Boarding Gate', 27000, 'Thriller', '2019-04-24'),
	(331, 4, 'High Society', 7000, 'Comedy|Musical|Romance', '2019-03-07'),
	(332, 8, 'Long Weekend, The', 7000, 'Comedy', '2019-05-04'),
	(333, 6, 'Bullet Ballet', 10000, 'Crime|Drama|Sci-Fi|Thriller', '2019-04-18'),
	(334, 5, 'Space Is The Place', 27000, 'Sci-Fi', '2019-05-12'),
	(335, 2, 'Losing Isaiah', 27000, 'Drama', '2019-02-10'),
	(337, 8, 'The Little Matchgirl', 20000, 'Animation', '2019-02-14'),
	(338, 5, 'Shiver of the Vampires, The (Frisson des vampires, Le)', 27000, 'Horror', '2019-04-04'),
	(339, 5, 'Blue Denim', 15000, 'Drama', '2019-03-25'),
	(340, 8, 'Solo Sunny', 27000, 'Drama|Musical|Romance', '2019-03-13'),
	(341, 4, 'Disney Princess Collection: Jasmine\'s Enchanted Tales: Jasmine\'s Wish', 7000, 'Animation', '2019-03-28'),
	(342, 4, 'Love In the Time of Money', 15000, 'Comedy|Drama|Romance', '2019-05-08'),
	(343, 6, 'Au Hasard Balthazar', 20000, 'Crime|Drama', '2019-03-27'),
	(344, 4, 'Great Santini, The', 15000, 'Drama', '2019-02-08'),
	(346, 8, 'Time Regained (Temps retrouvé, Le)', 7000, 'Drama', '2019-04-17'),
	(348, 8, 'High Time (Big Daddy)', 27000, 'Comedy|Musical', '2019-03-11'),
	(349, 3, 'Broadway Melody of 1940', 10000, 'Musical', '2019-02-12'),
	(350, 2, 'Nicholas Nickleby', 15000, 'Drama|Romance', '2019-04-14'),
	(351, 2, 'Changing Lanes', 20000, 'Drama|Thriller', '2019-03-14'),
	(352, 1, 'Experimenter', 7000, 'Drama', '2019-02-23'),
	(353, 2, 'What\'s the Worst That Could Happen?', 20000, 'Comedy', '2019-03-21'),
	(354, 1, 'The Man Who Shook the Hand of Vicente Fernandez', 7000, 'Comedy|Drama|Western', '2019-03-07'),
	(355, 3, 'Castle on the Hudson', 15000, 'Crime|Drama', '2019-02-25'),
	(356, 8, 'Jubal', 20000, 'Western', '2019-04-12'),
	(357, 5, 'Easy to Love', 15000, 'Comedy|Musical|Romance', '2019-03-31'),
	(358, 2, 'Everybody\'s Fine (Stanno tutti bene)', 10000, 'Comedy|Drama', '2019-03-18'),
	(359, 8, 'At the Circus', 10000, 'Comedy|Musical', '2019-03-05'),
	(360, 4, 'Thunder Soul', 27000, 'Documentary', '2019-03-24'),
	(361, 3, 'Naughty Girl', 27000, 'Comedy|Musical|Romance', '2019-03-03'),
	(362, 3, 'Dream Man', 10000, 'Thriller', '2019-02-07'),
	(363, 4, 'House by the Cemetery, The (Quella villa accanto al cimitero)', 20000, 'Horror', '2019-02-26'),
	(364, 6, 'The Sea Vultures', 15000, 'Drama', '2019-02-04'),
	(365, 8, 'Executive Suite', 27000, 'Drama', '2019-05-08'),
	(366, 3, 'Low Life, The', 27000, 'Drama', '2019-04-06'),
	(367, 6, 'Hostile Intentions', 7000, 'Action|Drama|Thriller', '2019-03-13'),
	(368, 1, 'President\'s Man, The', 7000, 'Action|Adventure|Thriller', '2019-02-28'),
	(369, 6, 'Tree of Wooden Clogs, The (L\'albero degli zoccoli)', 10000, 'Drama', '2019-02-09'),
	(370, 8, 'Way of War, The', 7000, 'Action|Thriller', '2019-04-14'),
	(371, 6, 'Garden State', 20000, 'Comedy|Drama|Romance', '2019-02-03'),
	(372, 5, 'Dance of the Dead', 15000, 'Adventure|Comedy|Horror', '2019-04-28'),
	(374, 3, 'In This World', 27000, 'Adventure|Drama', '2019-03-04'),
	(375, 1, 'Extraordinary Stories (Historias extraordinarias)', 15000, 'Drama|Mystery', '2019-03-30'),
	(376, 5, 'Death of Mr. Lazarescu, The (Moartea domnului Lazarescu)', 15000, 'Drama', '2019-03-11'),
	(377, 4, 'Raid on Rommel', 20000, 'War', '2019-02-10'),
	(378, 2, 'Apollo 13', 15000, 'Adventure|Drama|IMAX', '2019-04-11'),
	(380, 2, 'Franz Kafka\'s a Country Doctor', 20000, 'Animation|Drama', '2019-02-03'),
	(382, 5, 'Abelar: Tales of an Ancient Empire (Tales of an Ancient Empire)', 10000, 'Fantasy', '2019-05-07'),
	(383, 1, 'Vodka, Mr. Palmu (Vodkaa, komisario Palmu)', 27000, 'Crime|Mystery', '2019-02-28'),
	(384, 2, 'Wind Across the Everglades', 7000, 'Drama|Romance', '2019-03-21'),
	(385, 1, 'Advise and Consent', 27000, 'Drama', '2019-05-11'),
	(386, 5, 'It\'s a Bird', 15000, '(no genres listed)', '2019-04-28'),
	(387, 3, 'Wild Horses (Caballos salvajes)', 10000, 'Drama', '2019-02-02'),
	(388, 2, 'Familia', 27000, 'Comedy', '2019-03-17'),
	(389, 5, 'London - The Modern Babylon ', 10000, 'Documentary', '2019-02-23'),
	(390, 6, 'Angry Video Game Nerd: The Movie', 27000, 'Adventure|Comedy|Sci-Fi', '2019-02-18'),
	(391, 3, 'Beyond the Sea', 7000, 'Drama|Musical', '2019-03-04'),
	(392, 6, 'Cold Around the Heart', 20000, 'Crime|Drama|Thriller', '2019-03-17'),
	(393, 1, 'Cry Baby Lane', 10000, 'Drama|Horror', '2019-04-18'),
	(394, 2, 'The Interview', 10000, 'Action|Comedy', '2019-04-30'),
	(395, 8, 'Aladdin', 27000, 'Adventure|Animation|Children|Comedy|Musical', '2019-02-08'),
	(396, 6, 'October Country', 27000, 'Documentary', '2019-03-01'),
	(397, 4, 'First Time, The', 7000, 'Comedy|Drama|Romance', '2019-04-15'),
	(398, 5, 'Groundhog Day', 20000, 'Comedy|Fantasy|Romance', '2019-02-09'),
	(399, 2, 'Marathon Family, The (Maratonci Trce Pocasni Krug)', 20000, 'Comedy', '2019-03-08'),
	(400, 1, 'Derek', 10000, 'Documentary', '2019-04-22'),
	(401, 5, 'Last Seven, The', 10000, 'Horror|Mystery|Thriller', '2019-03-20'),
	(402, 5, 'English Vinglish', 10000, 'Comedy|Drama', '2019-02-20'),
	(403, 4, 'Purple Ball, The (Lilovyy shar)', 20000, 'Fantasy|Sci-Fi', '2019-05-10'),
	(405, 4, 'Adventures of Mary-Kate and Ashley, The: The Case of the Christmas Caper', 15000, 'Children|Musical|Mystery', '2019-02-06'),
	(406, 6, 'Investigating Sex (a.k.a. Intimate Affairs)', 27000, 'Comedy|Drama', '2019-03-25'),
	(407, 6, 'Dinner, The (Diner, Het)', 20000, 'Drama|Thriller', '2019-05-12'),
	(408, 4, 'Santa Fe Trail', 7000, 'Drama|Romance|Western', '2019-03-16'),
	(409, 4, 'Grand Budapest Hotel, The', 15000, 'Comedy|Drama', '2019-04-13'),
	(410, 6, 'Broken Trail', 10000, 'Action|Adventure|Crime|Drama|Western', '2019-05-07'),
	(411, 4, 'Vile ', 15000, 'Horror', '2019-04-19'),
	(412, 6, 'Viva', 27000, 'Comedy|Drama|Musical', '2019-03-13'),
	(413, 5, 'Animal Kingdom', 10000, 'Crime|Drama', '2019-04-07'),
	(414, 2, 'Enemy Below, The', 27000, 'Action|Drama|War', '2019-04-24'),
	(415, 1, 'Oranges, The', 10000, 'Comedy|Drama|Romance', '2019-04-13'),
	(416, 5, 'Mein Leben - Marcel Reich-Ranicki', 20000, 'Drama', '2019-04-07'),
	(418, 6, 'Pandora\'s Box (Pandora\'nin kutusu)', 27000, 'Drama', '2019-02-24'),
	(419, 8, 'Spoilers, The', 7000, 'Action|Western', '2019-03-29'),
	(421, 4, 'Deep Rising', 10000, 'Action|Horror|Sci-Fi', '2019-02-06'),
	(422, 4, 'Alyce Kills', 20000, 'Horror|Thriller', '2019-04-04'),
	(424, 5, 'Curb Dance', 10000, '(no genres listed)', '2019-04-12'),
	(425, 6, 'Halloween II', 15000, 'Horror|Thriller', '2019-03-17'),
	(426, 8, 'Movie Days (Bíódagar)', 20000, 'Comedy|Drama', '2019-04-04'),
	(427, 2, 'Painted Fire (Chihwaseon)', 7000, 'Drama', '2019-04-11'),
	(428, 3, 'Trouble in Paradise', 15000, 'Comedy|Romance', '2019-02-11'),
	(429, 8, 'Hanging Up', 27000, 'Comedy|Drama', '2019-02-22'),
	(430, 3, 'Dr. Akagi (Kanzo sensei)', 27000, 'Comedy|Drama|War', '2019-02-14'),
	(431, 1, 'A Summer in St. Tropez', 20000, 'Drama|Romance', '2019-02-15'),
	(433, 6, 'Butterfly (La lengua de las mariposas)', 10000, 'Drama', '2019-03-15'),
	(434, 5, 'Land of Plenty (Angst and Alienation in America)', 15000, 'Drama', '2019-02-17'),
	(435, 5, 'Horror Hotel (a.k.a. City of the Dead, The)', 20000, 'Horror|Thriller', '2019-05-11'),
	(436, 4, 'Night of the Zombies (a.k.a. Batallion of the Living Dead)', 20000, 'Horror|Sci-Fi', '2019-02-27'),
	(438, 3, 'Stille Nacht I: Dramolet', 20000, 'Animation', '2019-02-22'),
	(439, 8, 'Postman Always Rings Twice, The', 15000, 'Crime|Drama|Film-Noir|Thriller', '2019-02-08'),
	(440, 1, 'Slacker 2011', 15000, 'Comedy|Drama', '2019-05-08'),
	(441, 3, 'Easy Money 2 (Snabba cash II)', 7000, 'Action|Crime|Drama', '2019-03-30'),
	(442, 8, 'Amore (L\'Amore)', 20000, 'Drama', '2019-02-24'),
	(443, 8, 'Invention of Lying, The', 15000, 'Comedy', '2019-04-27'),
	(444, 8, 'Sunless (Sans Soleil)', 27000, 'Documentary', '2019-02-03'),
	(445, 1, 'Murder in the First', 27000, 'Drama|Thriller', '2019-04-12'),
	(446, 3, '[REC]²', 7000, 'Horror|Thriller', '2019-04-16'),
	(447, 2, 'Kajaki', 15000, 'Adventure|Drama|War', '2019-03-28'),
	(448, 6, 'Ultrasuede: In Search of Halston', 10000, 'Documentary', '2019-02-11'),
	(449, 1, 'Deathdream (a.k.a. Dead of Night)', 10000, 'Horror|War', '2019-02-15'),
	(450, 3, '2013 Rock and Roll Hall of Fame Induction Ceremony, The', 27000, 'Documentary|Musical', '2019-03-08'),
	(451, 8, 'Saving Private Ryan', 15000, 'Action|Drama|War', '2019-03-21'),
	(452, 2, 'Airport 1975', 10000, 'Action|Drama|Thriller', '2019-04-30'),
	(453, 2, 'Hangover Part II, The', 10000, 'Comedy', '2019-04-11'),
	(454, 3, 'Mothra (Mosura)', 10000, 'Adventure|Fantasy|Sci-Fi', '2019-04-09'),
	(457, 5, 'Tuff Turf', 7000, 'Drama', '2019-04-16'),
	(459, 2, 'Valley, The (Obscured by Clouds) (La vallée)', 20000, 'Action|Drama', '2019-03-10'),
	(460, 5, 'Monty Python\'s Life of Brian', 27000, 'Comedy', '2019-03-20'),
	(461, 2, 'Night Has a Thousand Eyes', 10000, 'Drama|Film-Noir', '2019-04-17'),
	(462, 8, 'View to a Kill, A', 20000, 'Action|Adventure|Thriller', '2019-03-07'),
	(463, 4, 'Football Factory, The', 20000, 'Action|Drama', '2019-04-29'),
	(464, 2, 'Punk Singer, The', 7000, 'Documentary', '2019-03-31'),
	(465, 3, 'You Light Up My Life', 27000, 'Drama|Romance', '2019-05-07'),
	(466, 6, 'World Without End', 10000, 'Sci-Fi', '2019-03-25'),
	(468, 3, 'My Favorite Wife', 20000, 'Comedy|Romance', '2019-04-01'),
	(470, 6, 'Hexed', 20000, 'Comedy', '2019-05-01'),
	(471, 6, 'Suspect', 27000, 'Crime|Drama|Thriller', '2019-03-16'),
	(472, 8, 'Hippie Revolution, The', 20000, 'Documentary', '2019-03-31'),
	(473, 5, 'Bones', 7000, 'Horror', '2019-02-13'),
	(474, 8, 'Tickets', 15000, 'Comedy|Drama', '2019-04-07'),
	(475, 2, 'Mondo Hollywood', 10000, 'Documentary', '2019-05-09'),
	(476, 2, 'Love Before Breakfast', 15000, 'Comedy|Romance', '2019-02-28'),
	(477, 6, 'Dogwalker, The', 10000, 'Drama', '2019-01-31'),
	(478, 5, 'Thirteen Women', 10000, 'Drama|Mystery', '2019-03-14'),
	(480, 1, 'A Life in Dirty Movies', 10000, 'Documentary', '2019-03-05'),
	(481, 1, 'Arrival II', 27000, 'Action|Adventure|Sci-Fi', '2019-04-15'),
	(482, 2, 'Chained Heat', 27000, 'Action|Crime|Drama|Thriller', '2019-03-17'),
	(485, 1, 'Senotaji', 7000, 'Comedy', '2019-04-14'),
	(486, 1, 'Spider-Man', 15000, 'Action|Adventure|Sci-Fi|Thriller', '2019-03-30'),
	(487, 1, 'Love Is a Woman (Death Is a Woman)', 20000, 'Crime|Drama|Mystery', '2019-05-07'),
	(489, 2, 'Witchfinder General (Conquerer Worm, The)', 20000, 'Horror', '2019-04-13'),
	(490, 3, 'Prison (Fängelse) ', 20000, 'Drama', '2019-04-21'),
	(491, 5, 'Fern flowers (Fleur de fougère)', 10000, 'Animation', '2019-02-07'),
	(492, 6, 'Amos & Andrew', 7000, 'Comedy', '2019-03-07'),
	(494, 8, 'Knights of Bloodsteel', 20000, 'Fantasy', '2019-03-29'),
	(495, 8, 'Soul Man', 27000, 'Comedy', '2019-05-13'),
	(496, 3, 'Wing Commander', 15000, 'Action|Sci-Fi', '2019-04-18'),
	(497, 3, 'X-Men: First Class', 27000, 'Action|Adventure|Sci-Fi|Thriller|War', '2019-04-30'),
	(498, 2, 'Riverworld', 15000, 'Drama|Sci-Fi', '2019-03-13');
/*!40000 ALTER TABLE `product_common` ENABLE KEYS */;
/*!40101 SET SQL_MODE=IFNULL(@OLD_SQL_MODE, '') */;
/*!40014 SET FOREIGN_KEY_CHECKS=IF(@OLD_FOREIGN_KEY_CHECKS IS NULL, 1, @OLD_FOREIGN_KEY_CHECKS) */;
/*!40101 SET CHARACTER_SET_CLIENT=@OLD_CHARACTER_SET_CLIENT */;
